Company name,Company domain name,Website URL,Phone number,City,State/Region,Country/Region,FieldCred Tier,FieldCred Trade Category,Trade (as listed),FieldCred Fit Score,Union Signatory,Est Field Workers,Prequal Network,General Company Email,Lead Source Directory,Lead Source URL,FieldCred Notes
Johnson & Wood LLC,johnsonwoodllc.com,https://johnsonwoodllc.com,(810) 715-0700,Burton,MI,United States,B — Commercial/industrial trade,Mechanical,,55,No,,,johnsonwoodllc@hotmail.com,Michigan MCA member list,https://www.michiganmca.org/members,"ENRICH 2026-07-28: Jeff Torrey, President, published on johnsonwoodllc.com/about/ (Jon Clark = VP). No personal email printed anywhere on own site. Company email johnsonwoodllc@hotmail.com from Michigan MCA member directory (https://www.michiganmca.org/quick-links/members) — that directory still lists Steve Torrey as contact, but the company's own About page states Steve Torrey passed away in 2018, so MMCA listing is stale. Main office is actually Flushing MI (3419 Pierson Pl)."
"Walker Electric, Inc.",walkerelectric.biz,https://walkerelectric.biz,(810) 233-5111,Flint,MI,United States,B — Commercial/industrial trade,Electrical,,55,Yes,,,info@walkerelectric.biz,MI NECA member list (Flint Division),https://michiganneca.org/neca-members/,"ENRICH 2026-07-28: WEBSITE FOUND (field was blank): walkerelectric.biz. info@walkerelectric.biz printed on the homepage; phone (810) 233-5111 matches record, fax (810) 233-5112. Own site is a minimal two-page site (home + /markets) with no staff names, no about page and no safety page. John Gibbons listed as the company contact on the MI NECA association directory — NO title published there, so Contact Title deliberately left blank. Address 2410 Kansas Ave, Flint MI 48506."
Center Line Electric Company,centerline-elec.com,https://centerline-elec.com,(586) 757-5505,Center Line,MI,United States,B — Commercial/industrial trade,Electrical,,59,No,,,,SMCNECA member list,https://www.smcneca.org/members,"ENRICH 2026-07-28: Kelvin B. Squires, CEO (of Center Line Electric Inc. and Center Line Technologies), published on https://centerline-elec.com/about-us/. NO email address of any kind is published on this site — home, /who-we-are/, /contact-us/ and /about-us/ all checked; contact is by phone/fax/form only, so Contact Email and Company Email left blank. No safety director published. Address 26554 Lawrence, Center Line MI 48015."
"Schaedler Enterprises, Inc. (SEI Crane)",seicrane.com,https://www.seicrane.com,,Toledo,OH,United States,A — Industrial/turnaround,Crane & Rigging,,58,Yes,,,,Schaedler Enterprises (SEI Crane) website,https://www.seicrane.com/,"Founded 1995, 'Union Proud', 24/7 emergency. Taxi/daily crane rental, pile driving, rigging, machinery moving, caisson drilling, demolition. No phone shown. | ENRICH 2026-07-28: seicrane.com contact/about pages have empty contact blocks (Yext placeholders) — no name, email or phone published."
"Halligan Electric, Inc.",halliganelectric.com,https://www.halliganelectric.com,(810) 238-8581,Flint,MI,United States,B — Commercial/industrial trade,Electrical,,59,Yes,,,,ABC Southeastern Michigan member directory (PDF),https://static1.squarespace.com/static/627041bf945c7320b8e0eb78/t/62d6cea14ea9b658391de175/1658244770101/ABC+SEMI+Member+Directory.pdf,"Division 26 – Electrical. Also in MI NECA Flint Division. | ENRICH 2026-07-28: SAFETY DIRECTOR PUBLISHED — Bill Neuhaus, Safety Director, on the staff roster at https://www.halliganelectric.com/about-us/. Full published roster: Debbie Halligan (President), Jim Halligan (Founder), Duncan Halligan (Business Operations Manager), Travis Herriman (Construction Operations Manager), James Mattila (Senior Estimator), Bill Neuhaus (Safety Director), Kayle Graham (Service Foreman), Joe O'Mara (Controller). NO email addresses published anywhere (contact form only) — both email fields left blank. DATA NOTE: site address is 7054 E Court St, Davison MI 48423, not Flint as stored in City."
Monarch Welding,monarchwelding.com,https://monarchwelding.com,(989) 684-3400,Bay City,MI,United States,A — Industrial/turnaround,Welding & Fabrication,,73,No,,,info@monarchwelding.com,Michigan MCA member list,https://www.michiganmca.org/members,"Listed among Michigan Mechanical Contractors Association members. | ENRICH 2026-07-28: Official site monarchwelding.com (Monarch Welding & Engineering). Bay City plant 1566 Tech Dr, (989) 684-3400; HQ is Warren MI (586) 754-5400; third plant Muskegon. /about/ names Brian Wimmer, President. /safety/ page quotes Frank Wimmer, Vice President on safety as a core competency but names no safety director. Only general inbox info@monarchwelding.com published."
CCI Industrial Constructors,ccigroupusa.com,https://www.ccigroupusa.com,(248) 685-3263,,MI,United States,A — Industrial/turnaround,Millwright,,58,No,,,info@ccigroupusa.com,CAM Buyers Guide – Millwrighting category,https://www.cambuyersguide.com/listings/category/53200-millwrighting,"Category page showed name only — no city/phone displayed. | ENRICH 2026-07-28: identified via search as CCI Industrial Constructors, 7428 Kensington Rd, Brighton MI. No named staff published on site."
"Stony Creek Services, Inc.",stonycreekservices.com,https://stonycreekservices.com/,(734) 326-2222,,MI,United States,A — Industrial/turnaround,Insulation,,58,No,,,,CAM Buyers Guide – Insulation category,https://www.cambuyersguide.com/listings/category/44400-insulation,"SILVER member. ""Division 9 Of Stony Creek Services"" also listed separately."
"Rotor Electric Company of Michigan, LLC",rotorelectric.com,https://www.rotorelectric.com,(313) 891-0331,Detroit,MI,United States,B — Commercial/industrial trade,Electrical,,59,No,,,,SMCNECA member list,https://www.smcneca.org/members,"ENRICH 2026-07-28: SMC NECA member directory publishes contact 'Benjamin Rosenberg' with email Brosenberg@RotorElectric.com at 9522 Grinnell St., Detroit MI 48213, (313) 891-0331 — phone confirms stored value. No title published. DATA CORRECTION: https://www.rotorelectric.com no longer resolves to its own site — it 302-redirects to https://www.mceco.com/rotor-electric-company. Rotor is now a Motor City Electric company (mail domain still active). Stored Website left as-is since it redirects rather than 404s; the MCE subsidiary page carries only the address and phone, no names or emails."
"D.M. Burr Mechanical, Inc.",dmburr.com,https://www.dmburr.com,(810) 233-9114,Flint,MI,United States,B — Commercial/industrial trade,Piping & Plumbing,,59,No,,,,ABC Southeastern Michigan member directory (PDF),https://static1.squarespace.com/static/627041bf945c7320b8e0eb78/t/62d6cea14ea9b658391de175/1658244770101/ABC+SEMI+Member+Directory.pdf,"Division 22 – Plumbing. | ENRICH 2026-07-28: dmburr.com (trading as 'The DM Burr Group') home, /mechanical-services and /contact-us all checked — no names, titles or email addresses published anywhere on the site. Michigan phone 810-233-9114 matches record; toll-free 888-533-4600. Offices: 4252 Holiday Dr, Flint MI; 1140 Rankin, Troy MI; plus a North Carolina security division. Nothing recorded."
Lake State Insulation,smartenergyinsulation.com,https://www.smartenergyinsulation.com,(517) 322-3190,,MI,United States,A — Industrial/turnaround,Insulation,,73,No,,,,W. Soule approved subcontractor list (PDF),https://www.wsoule.com/wp-content/uploads/2019/01/Approved-Denied-subcontractors.pdf,"""Mechanical Insulation & Asbestos Removal"". Source listed state only, no city. | ENRICH 2026-07-28: Lake State is a division of Smart Energy Insulation (Farmington Hills MI). Branch mgr Bill Drummond, Lansing branch, direct 231-638-2375."
Spink Insulation,spinkinsulation.com,https://www.spinkinsulation.com/,(517) 782-2123,,MI,United States,A — Industrial/turnaround,Insulation,,58,No,,,info@spinkinsulation.com,CAM Buyers Guide – Insulation Contractors category,https://www.cambuyersguide.com/listings/category/44500-insulation-contractors,Name only — no contact detail on category page. | ENRICH 2026-07-28: matched to Spink Insulation of Jackson MI (spinkinsulation.com). No individual named on site. Verify this is the same firm as the MCA listing.
"Coleman Systems, Inc",colemansystemsinc.com,https://www.colemansystemsinc.com,(419) 280-4500,Sylvania,OH,United States,B — Commercial/industrial trade,HVAC & Controls,,59,Yes,,,info@colemansystemsinc.com,UA Local 50 contractor directory,https://ualocal50.com/blog/contractors/,"MCA NWO member | ENRICH 2026-07-28: Own site home + /contact-us checked — no individual names or titles published anywhere. General inbox info@colemansystemsinc.com. Site address 7407 Sylvania Ave, Sylvania OH 43560; phone 419.280.4500 matches record. MCA NWO membership directory lists a different phone, 419-297-1753."
Strause Refrigeration Inc,strauserefrigeration.com,https://www.strauserefrigeration.com,(419) 255-7001,Toledo,OH,United States,B — Commercial/industrial trade,HVAC & Controls,,59,Yes,,,,UA Local 50 contractor directory,https://ualocal50.com/blog/contractors/,"MCA NWO member | ENRICH 2026-07-28: /about-us prints 'Rick Strause — President', second-generation family owner. No email addresses published anywhere on the site; /contact-us shows the phone only. 7944 Central Ave #8, Toledo OH 43617; phone 419.255.7001 matches. Ohio license #30966. Note the canonical domain is strauserefrigeration.com without www."
Avon Lake Sheet Metal,avonlakesheetmetal.com,https://avonlakesheetmetal.com,(440) 933-3505,Avon Lake,OH,United States,B — Commercial/industrial trade,Sheet Metal,,59,No,,,,SMACNA North Central Ohio - Contractor Members,https://www.smacna-nco.com/,"ENRICH 2026-07-28: Own site /about names two second-generation family owners — Carl Wetzig Jr. and Gary Wightman — with no formal titles and no email addresses; /contact publishes phone/fax only. The Construction Employers Association member directory (ceacisp.org, a legitimate association directory) lists Gary Wightman as the single named company contact, which resolved the tie. NO title is published by either source so Contact Title was left blank; no email published anywhere. 33574 Pin Oak Pkwy, Avon Lake OH 44012; phone 440-933-3505 matches. Confirmed on the SMACNA of North Central Ohio member list."
R.W. Welding,rwwelding.com,https://rwwelding.com,(989) 615-2816,Midland,MI,United States,A — Industrial/turnaround,Welding & Fabrication,,73,No,,,,W. Soule approved subcontractor list (PDF),https://www.wsoule.com/wp-content/uploads/2019/01/Approved-Denied-subcontractors.pdf,"""Structural steel, ASME/AWS certified welding"" — certification-heavy workforce. Strong ICP fit. | ENRICH 2026-07-28: Official site rwwelding.com found (Midland MI confirmed, office 989-615-2816). Contact page prints three first-name mailboxes — rick@, chris@ and lynn@rwwelding.com — with NO names or titles attached to them, so no contact name/email recorded (cannot attribute a person). No general info@ inbox and no safety page. Site confirms AWS certification."
STB Steel Erectors,,,(734) 697-3908,Belleville,MI,United States,A — Industrial/turnaround,Steel Erection,,73,No,,,,ABC Southeastern Michigan member directory (PDF),https://static1.squarespace.com/static/627041bf945c7320b8e0eb78/t/62d6cea14ea9b658391de175/1658244770101/ABC+SEMI+Member+Directory.pdf,Division 05 – Metals. Steel erection = fall-protection cert heavy. | ENRICH 2026-07-28: no company-owned website found (only directory aggregators). No public contact page.
"Laramie Crane Rental, LLC",laramiecrane.com,https://www.laramiecrane.com,(313) 273-4900,,MI,United States,A — Industrial/turnaround,Crane & Rigging,,58,No,,,,CAM Buyers Guide – Crane Rental category,https://www.cambuyersguide.com/listings/category/21600-crane-rental,"BRONZE member. ""Laramie Enterprises, Inc."" listed separately in same category. | ENRICH 2026-07-28: laramiecrane.com brands itself ""Laramie Enterprises, Inc."" (48400 West Road, Wixom MI) — likely the same operating group, VERIFY before treating as distinct from the Laramie Enterprises record. No email and no named staff published."
The Talbot Corporation,talbotelectric.com,https://talbotelectric.com,(734) 261-3440,Livonia,MI,United States,B — Commercial/industrial trade,Electrical,,59,No,,,steve@talbotelectric.com,SMCNECA member list,https://www.smcneca.org/members,"ENRICH 2026-07-28: https://talbotelectric.com/about publishes William A. Talbot Founder; Stephen W. Talbot P.E. Chairman; Michael Talbot President; Dane Moxlow V.P. Trenton Forging. No safety/EHS or operations role published. steve@talbotelectric.com is the ONLY email printed on the site (appears on home and /contact as the general contact address) — recorded as company email; it is NOT printed next to any person's name, so deliberately not attributed to Stephen Talbot. Fax 734.261.3571. Design/build since 1971."
R L Bondy Insulation LLC,bondy-insulation.com,https://bondy-insulation.com/,,Sterling Heights,MI,United States,A — Industrial/turnaround,Insulation,,70,No,,,,W. Soule approved subcontractor list (PDF),https://www.wsoule.com/wp-content/uploads/2019/01/Approved-Denied-subcontractors.pdf,"Status shown: ""approved under $50k"". No phone or description in source. Possibly related to R.L. Bondy (Northwood, OH) — verify."
Niles Industrial Coatings,nilesindustrial.com,https://nilesindustrial.com,(810) 714-5922,Fenton,MI,United States,A — Industrial/turnaround,Industrial Cleaning & Coatings,industrial coatings,83,No,,,info@nilesindustrial.com,W. Soule approved subcontractor list (PDF),https://www.wsoule.com/wp-content/uploads/2019/01/Approved-Denied-subcontractors.pdf,"""Industrial coatings"". Contact shown on source: Eric Hotchkiss (2019 data — verify). | ENRICH 2026-07-28: Official site nilesindustrial.com. Company /safety/ page publishes a single named safety contact, James Hall, as a mailto link (jameshall@nilesindustrial.com) — no job title printed, so Title left blank. HQ 201 S Alloy Dr, Fenton MI, (810) 593-7000; Midland office (989) 638-9664. General inbox info@nilesindustrial.com. Eric Hotchkiss not found on current site."
H Hanson Industries Inc,,,,Toledo,OH,United States,A — Industrial/turnaround,Boilermaker,,70,Yes,,,,MCA of NW Ohio signatory contractors,https://mcanwo.org/mca-signatory-contractors/,"Named in the Boilermaker Contractors section as an Ohio-based entry. | ENRICH 2026-07-28: no company website found; correct spelling appears to be H Hansen Industries, 2824 N Summit St, Toledo OH. No public contact page."
"American Mechanical Insulation Sales, Inc.",americaninsulation.com,https://americaninsulation.com/,(248) 478-7644,,MI,United States,A — Industrial/turnaround,Insulation,,58,No,,,sales@AmericanInsulation.com,CAM Buyers Guide – Insulation Contractors category,https://www.cambuyersguide.com/listings/category/44500-insulation-contractors,GOLD member. Category page showed name only.
"NexGen Mechanical, LLC",nexgen-mechanical.com,https://nexgen-mechanical.com,(419) 707-4770,Burgoon,OH,United States,B — Commercial/industrial trade,Mechanical,,55,No,,,,UA Local 50 contractor directory,https://ualocal50.com/blog/contractors/,"ENRICH 2026-07-28: Found official site https://nexgen-mechanical.com — confirms Burgoon OH address (1931 CR 84, Burgoon, OH 43407) and phone 419-707-4770. No names, titles or email addresses published anywhere on the site; /contact and /contact-us both 404. Not in MCA NW Ohio directory. NO CONTACT FOUND."
"Dimech Services, Inc.",dimech.com,https://www.dimech.com,(419) 727-0111,Toledo,OH,United States,A — Industrial/turnaround,Mechanical,mechanical / industrial,87,Yes,,,,UA Local 50 contractor directory,https://ualocal50.com/blog/contractors/,"Services: Mechanical, Industrial, Plumbing, HVAC, Refrigeration. Also on MCA NWO pipe-welding contractor list | ENRICH 2026-07-28: Ron Sheahan listed on dimech.com/staff.php as the contact for 'Plumbing, HVACR/Maintenance' with a live mailto rjsheahan@dimech.com. NO job title printed — Title left blank deliberately. No safety/EHS contact and no general company inbox published on the site."
"Vision Electric, Inc.",visionelectric.us,https://www.visionelectric.us,(248) 552-9740,Novi,MI,United States,B — Commercial/industrial trade,Electrical,,59,No,,,info@visionelectric.us,ABC Southeastern Michigan member directory (PDF),https://static1.squarespace.com/static/627041bf945c7320b8e0eb78/t/62d6cea14ea9b658391de175/1658244770101/ABC+SEMI+Member+Directory.pdf,"Division 26 – Electrical. | ENRICH 2026-07-28: John Talbot, Master Electrician — founder who incorporated the company in 1998; the only person named anywhere on the site (https://visionelectric.us/about-us/). No safety/EHS or operations role published. info@visionelectric.us and 248.552.9740 printed on https://visionelectric.us/contact-us/ (phone matches record). Site also carries a /certifications/ page. Note: no relation established to The Talbot Corporation (Livonia) despite the shared surname."
Titan Mechanical,titan-mechanical-inc.com,https://titan-mechanical-inc.com,(419) 261-1688,Haskins,OH,United States,B — Commercial/industrial trade,Piping & Plumbing,,59,Yes,,,,UA Local 50 contractor directory,https://ualocal50.com/blog/contractors/,"Services: Mechanical, Plumbing, HVAC. Also on MCA NWO pipe-welding list. | ENRICH 2026-07-28: NEAR MISS ON SAFETY — /about-us/safety states Titan 'maintains a dedicated Safety Director to oversee safety program development and execution' but does NOT name that person. /about-us/our-team lists 19 names with titles, no safety role, and exactly one email (Carson Frey, VDC, carsonf@titan-mechanical-inc.com). Highest-priority available = John Gray, President; no email published for him. Site phone is (419) 823-9121 (16192 King Road, Haskins OH 43525; fab shop 850 Carpenter Rd, Defiance OH) which differs from the stored (419) 261-1688 — though the MCA NWO directory also lists 419-261-1688, so both appear valid."
Shaw Electric Company,shawelectric.com,https://shawelectric.com,(248) 228-2000,Southfield,MI,United States,B — Commercial/industrial trade,Electrical,,59,Yes,,,,SMCNECA member list,https://www.smcneca.org/members,"Shaw Systems & Integration, Inc. listed separately at same phone. MI NECA also lists a Shaw Electric Company in Ann Arbor. | ENRICH 2026-07-28: Stephanie Reinke, Risk Manager, quoted on own safety page (https://www.shawelectric.com/safety/) — closest published role to a safety director; no safety-director title exists on site. Careers page https://www.shawelectric.com/careers/ publishes Robert Minielly, President/CEO, email rminielly@shawelectric.com (literally printed) — use as alternate. No general company inbox published anywhere. MI NECA lists a separate Shaw Electric at 4177 Varsity Dr, Ann Arbor, 734-447-6800, contact Dan Cervenan (no title given)."
Ferndale Electric Co.,ferndale-electric.com,https://www.ferndale-electric.com,(248) 545-4404,Madison Heights,MI,United States,B — Commercial/industrial trade,Electrical,,73,Yes,,,,SMCNECA member list,https://www.smcneca.org/members,"Union NECA/IBEW signatory. | ENRICH 2026-07-28: Leadership published on https://www.ferndale-electric.com/about/this-is-us/ — Vince Richards, President (selected); also John M. Hillock P.E., CEO; John Toloff C.P.A., CFO; Nick Phillips, VP of Construction; Todd Yoas, VP of Technologies. NO safety director or EHS person is named — /about/why-ferndale-electric/ and /licenses-certifications-affiliations/ both checked; they reference a safety manual only. NO email captured: the /contact/ page's RFP/RFQ address is rendered obfuscated ('[email protected]') so nothing was recorded. 31750 Sherman Ave, Madison Heights MI 48071."
Erie Welding & Mechanical Inc.,erieweldingandmechanical.com,https://erieweldingandmechanical.com,(734) 848-8361,Erie,MI,United States,A — Industrial/turnaround,Welding & Fabrication,welding / mechanical,87,Yes,,,info@erieweldingandmechanical.com,UA Local 50 contractor directory,https://ualocal50.com/blog/contractors/,"Toledo-area UA Local 50 signatory just over the Michigan line | ENRICH 2026-07-28: Official site erieweldingandmechanical.com. /about-us/staff/ names John Burlen (founder, owner and operator), Mike Binder (estimator and project manager) and Randy Burlen (foreman/welder/pipefitter) — no emails shown beside names. Contact page publishes info@ and binder@erieweldingandmechanical.com; binder@ not explicitly attributed to a person on-page so not recorded as an individual email. 9776 S Dixie Hwy, Erie MI 48133."
DUFFEY CONCRETE CUTTING AND DRILLING COMPANY LLC.,duffeyconcrete.com,https://www.duffeyconcrete.com,(419) 241-1010,Toledo,OH,United States,A — Industrial/turnaround,Concrete & Restoration,concrete cutting & drilling,91,Yes,,,,AGC of NW Ohio contractor directory,https://agcnwo.com/contractors,"Signatory. Also listed on UA Local 50 contractor list under 'Specialty' | ENRICH 2026-07-28: About page reads 'under the ownership of Zach Donley and Dave Donley' — no formal job title is printed, so Contact Title left blank (owner is implied, not published as a title). zach@duffeyconcrete.com is printed on both /about and /contact. No general company inbox published."
"Triton Electrical Services, LLC",tritonelectricalservices.com,https://tritonelectricalservices.com,(586) 944-2274,St. Clair Shores,MI,United States,B — Commercial/industrial trade,Electrical,,59,No,,,contact@tritonscs.com,SMCNECA member list,https://www.smcneca.org/members,"Also in ABC SEMI directory Division 26 as ""Triton Electrical Services"", Saint Clair Shores. | ENRICH 2026-07-28: CORRECTION — stored www.tritonscs.com 302-redirects to tritonelectricalservices.com (a GoDaddy one-page site); Website field updated to the live destination. Two emails printed: contact@tritonscs.com (general) and estimates@tritonscs.com (bid requests) — note the mail domain is still tritonscs.com. No named people; no about/team/safety pages exist on the site. 24520 Harper Ave, St. Clair Shores MI 48080; phone matches. Licensed & insured since 2010."
"JGM Machinery Movers & Erectors, Inc.",,,(810) 631-8816,Otisville,MI,United States,A — Industrial/turnaround,Millwright,,73,No,,,,ABC Southeastern Michigan member directory (PDF),https://static1.squarespace.com/static/627041bf945c7320b8e0eb78/t/62d6cea14ea9b658391de175/1658244770101/ABC+SEMI+Member+Directory.pdf,Division 01 – General Requirements. Rigging/millwright profile. | ENRICH 2026-07-28: no company-owned website found; several directories list the Otisville location as CLOSED — verify the company is still trading before outreach.
LMM,lmm.us,https://lmm.us,(844) 330-3305,,MI,United States,A — Industrial/turnaround,Crane & Rigging,,58,No,,,sales@lmm.us,CAM Buyers Guide – Machinery Moving Rig. & Erect. category,https://www.cambuyersguide.com/listings/category/49400-machinery-moving-rig-erect,"Also under Crane Rental. Name only on category page — low-confidence record, verify. | ENRICH 2026-07-28: CONFIRMED = LMM / Lee Machinery Movers, 675 Cesar E Chavez Ave, Pontiac MI. No named staff published on site."
SET Environmental,setenv.com,https://setenv.com,(616) 235-1500,Grand Rapids,MI,United States,A — Industrial/turnaround,Industrial Cleaning & Coatings,industrial cleaning,83,No,,,,W. Soule approved subcontractor list (PDF),https://www.wsoule.com/wp-content/uploads/2019/01/Approved-Denied-subcontractors.pdf,"""Industrial cleaning, transportation and disposal"" — confined space / HAZWOPER profile. | ENRICH 2026-07-28: Official site is setenv.com (SET Environmental, corporate HQ Wheeling IL; Grand Rapids MI listed as 'SET Grand Rapids' on /locations/). Site is JavaScript-gated — /contact-us/, /locations/ and /history/ all returned only a redirect stub, so no names, titles or emails could be read. Only figure visible: 24/7 emergency line (877) 437-7455. Needs a manual browser visit."
HENRY GURTZWEILER INC.,ohiosteelerectors.com,https://www.ohiosteelerectors.com,(419) 729-3955,Toledo,OH,United States,A — Industrial/turnaround,Steel Erection,,91,Yes,,,,AGC of NW Ohio contractor directory,https://agcnwo.com/contractors,"'Steel Erection Contractor', Signatory. AGC of Ohio Buyers Guide lists it as steel erection and concrete reinforcement, website henrygsteel.com"
"Metcalf Electric, Inc.",metcalfelectricalinc.com,https://www.metcalfelectricalinc.com,(810) 275-2882,Davison,MI,United States,B — Commercial/industrial trade,Electrical,,55,Yes,,,Metcalfelectric@hotmail.com,MI NECA member list (Flint Division),https://michiganneca.org/neca-members/,"ENRICH 2026-07-28: Website was blank — added https://www.metcalfelectricalinc.com, the site MI NECA publishes for Metcalf Electric, Inc., 1312 N Irish Rd. Unit A, Davison MI. Contact name 'Scott Kulhanek' from that MI NECA directory page; no title published. Company inbox Metcalfelectric@hotmail.com printed on the site homepage. NOT ATTRIBUTED: the site's /contact_us.html also prints scott@metcalfelectricalinc.com with no surname or title — very likely Scott Kulhanek but not stated, so left out of Contact Email. DATA NOTE: site prints phone (810) 262-0819 / fax (810) 374-7949, while MI NECA and the stored record both show (810) 275-2882 — stored phone kept, verify."
RAM CONSTRUCTION,ramservices.com,https://ramservices.com,(419) 593-0031,Toledo,OH,United States,A — Industrial/turnaround,Roofing,restoration / waterproofing,91,Yes,,,contact@ramservices.com,AGC of NW Ohio contractor directory,https://agcnwo.com/contractors,"'Restoration, Waterproofing & Infrastructure', Signatory | ENRICH 2026-07-28: STRONG FIT — Greg Bridwell, Director of Safety, published on ramservices.com/leadership. No individual emails printed; general contact@ramservices.com and bids@ramservices.com are. Toledo office 27 Broadway St Ste 100B, 419-593-0031. Old Website value (/contact/toledo-ohio) was a 404 — corrected to root domain."
"Dickerson Mechanical, Inc.",,,(810) 653-7290,Davison,MI,United States,B — Commercial/industrial trade,Mechanical,,55,No,,,,Michigan MCA member list,https://www.michiganmca.org/members,"ENRICH 2026-07-28: No company website exists (searched; only aggregator/social listings). Contact taken from the Michigan MCA member directory, which prints 'Kristine Menzing / kristine@dmimail.net / 810-653-7290'. NO job title published — Title left blank."
Positive Trades Group LLC,positivetradesgroup.com,https://positivetradesgroup.com,(419) 868-7841,Holland,OH,United States,A — Industrial/turnaround,Mechanical,mechanical / industrial,101,Yes,,,,UA Local 50 contractor directory,https://ualocal50.com/blog/contractors/,"Services: Mechanical, Industrial, Plumbing, HVAC. MCA NWO signatory member | ENRICH 2026-07-28: /about publishes a staff list with direct emails: Kurt Deal, President, kurt.deal@positivetradesgroup.com x204; Rod Fry, Vice President, rod.fry@; Jennifer Wymer, Accounting Manager, jenny.wymer@. No safety/EHS role published. /contact lists OH 419.865.6171 and MI 517.795.1469; no general inbox."
Beyerlein Electric,,,(989) 737-5167,Reese,MI,United States,B — Commercial/industrial trade,Electrical,,55,No,,,,W. Soule approved subcontractor list (PDF),https://www.wsoule.com/wp-content/uploads/2019/01/Approved-Denied-subcontractors.pdf,"""Temperature Controls, Electrical"". | ENRICH 2026-07-28: NOTHING FOUND. WebSearch returned no company-owned domain for Beyerlein Electric (Reese MI) — only aggregators (manta, buildzoom, bluebook, birdeye, porch), which are excluded as sources. No website, no contact name, no email recorded. Note: a separate entity 'Beyerlein and Son Electric LLC' also exists in Reese MI — do not conflate."
"Gee & Missler, Inc.",geeandmissler.com,https://www.geeandmissler.com,(734) 284-1224,Wyandotte,MI,United States,B — Commercial/industrial trade,HVAC & Controls,,65,No,,,,ABC Southeastern Michigan member directory (PDF),https://static1.squarespace.com/static/627041bf945c7320b8e0eb78/t/62d6cea14ea9b658391de175/1658244770101/ABC+SEMI+Member+Directory.pdf,"Division 23 – HVAC. Downriver industrial corridor. | ENRICH 2026-07-28: Official site located and added: geeandmissler.com (744 Vinewood St, Wyandotte MI 48192; phone 734-284-1224 matches record; MI license 7112514). /contact-us and /about publish NO names or titles, and the only email is JS-obfuscated ('[email protected]') so nothing was capturable. No contact recorded."
"Bodie Mechanical Services, Inc",bodieserv.com,https://bodieserv.com,(419) 595-4055,Findlay,OH,United States,A — Industrial/turnaround,Mechanical,mechanical / industrial,87,No,,,service@bodieserv.com,UA Local 50 contractor directory,https://ualocal50.com/blog/contractors/,"Services: Mechanical, Industrial, Plumbing, Refrigeration. Also in Findlay Chamber electrical contractors list, phone (419) 595-4224 | ENRICH 2026-07-28: /contact prints Ben Reinhart (President) b.reinhart@bodieserv.com, Jen Carver (general inquiries) j.carver@bodieserv.com, Jason Wheeler (Estimating). General inboxes service@bodieserv.com and mechbids@bodieserv.com. No safety/EHS role published; /about has no names."
"William F. Nelson Electric, Inc.",wfnelson.com,https://www.wfnelson.com,(989) 752-7184,Saginaw,MI,United States,B — Commercial/industrial trade,Electrical,,69,Yes,,,info@wfnelson.com,MI NECA member list (Saginaw Division),https://michiganneca.org/neca-members/,"Union NECA/IBEW signatory. | ENRICH 2026-07-28: WEBSITE FOUND (field was blank): wfnelson.com (trades as 'Wm. F. Nelson Electric'). info@wfnelson.com printed on home and /about.php; phone (989) 752-7184 matches record. Own site publishes NO staff names or titles and has no safety page. Ryan Nelson listed as the company contact on the MI NECA association directory — NO title published there, so Contact Title deliberately left blank. Address 111 Hoyt St, Saginaw MI 48607. Commercial/institutional, industrial and residential divisions; founded 1929."
Scaffolding Incorporated,scaffoldinginc.com,https://www.scaffoldinginc.com,(313) 883-1800,Detroit,MI,United States,A — Industrial/turnaround,Scaffolding,,65,No,,,,CAM Buyers Guide listing,https://www.cambuyersguide.com/listings/17611-0-scaffolding-incorporated,"Address: 135 E. McNichols, Detroit, MI 48203. Alt phone 313-883-4752. Categories: Scaffolding, Hoist Towers, Hoists, Swing Staging. | ENRICH 2026-07-28: scaffoldinginc.com loads but publishes no names, emails or contact page (all /contact variants 404 or time out)."
Chapman Power Systems,,,(810) 239-3073,Flint,MI,United States,B — Commercial/industrial trade,Electrical,,55,No,,,,ABC Southeastern Michigan member directory (PDF),https://static1.squarespace.com/static/627041bf945c7320b8e0eb78/t/62d6cea14ea9b658391de175/1658244770101/ABC+SEMI+Member+Directory.pdf,"Division 26 – Electrical. | ENRICH 2026-07-28: NOTHING FOUND. No company-owned domain located for Chapman Power Systems LLC (Flint MI) — WebSearch returned only aggregators (bluebook, buildzoom, yellowpages, BBB, manta) which are excluded as sources. No website, contact name, or email recorded."
"VM SYSTEMS, INC.",vmsystemsinc.com,https://www.vmsystemsinc.com,(419) 535-1044,Toledo,OH,United States,B — Commercial/industrial trade,Sheet Metal,HVAC / sheet metal,73,Yes,,,tinman@vmsystemsinc.com,AGC of NW Ohio contractor directory,https://agcnwo.com/contractors,"'HVAC/Sheet Metal Contractor', Signatory | ENRICH 2026-07-28: BEST RESULT OF THIS BATCH — named safety contact WITH a published email. /safety prints 'Jeff King – Safety & Health Manager, jeff.king@vm-cos.com' and 'Rob Harris – Field Safety, rob.harris@vm-cos.com'. Note both safety emails use the vm-cos.com parent domain, NOT vmsystemsinc.com. The general inbox tinman@vmsystemsinc.com is published separately at https://vmsystemsinc.com/contact/ (that page is the source for Company Email; the Source URL field holds the safety page). 3125 Hill Avenue, Toledo OH 43607; phone 419.535.1044 matches; fax 419-535-8644."
"Marlin White & Sons, Inc.",marlinwhiteandsons.com,https://www.marlinwhiteandsons.com,(419) 332-3631,Fremont,OH,United States,B — Commercial/industrial trade,Piping & Plumbing,mechanical / plumbing,73,Yes,,,,UA Local 50 contractor directory,https://ualocal50.com/blog/contractors/,"MCA NWO signatory mechanical contractor | ENRICH 2026-07-28: Stored website marlinwhiteandsons.com confirmed correct via the MCA NWO membership directory ('Marlin White & Sons Inc.', 419-332-3631). However the site could not be fetched on four separate attempts (robots.txt connect timeout) at root, /contact and www/non-www variants, so no contact data was captured. Worth a manual retry."
Starboard Industries,starboardind.com,https://www.starboardind.com,(734) 636-8080,Monroe,MI,United States,B — Commercial/industrial trade,Electrical,,65,No,,,info@starboardind.com,ABC Southeastern Michigan member directory (PDF),https://static1.squarespace.com/static/627041bf945c7320b8e0eb78/t/62d6cea14ea9b658391de175/1658244770101/ABC+SEMI+Member+Directory.pdf,"Division 26 – Electrical. Monroe — Marathon refinery / DTE Monroe plant corridor. Geographically ideal (30 min from Toledo). | ENRICH 2026-07-28: WEBSITE FOUND (field was blank): starboardind.com. info@starboardind.com printed on home and /contact; phone 734.636.8080 on site matches record. No staff named anywhere on site. CORRECTION: company self-describes as 'TECHNOLOGY | NETWORK & INFRASTRUCTURE | SECURITY — Low Voltage Solutions', not a Division 26 power contractor. Offices: 12 W First St, Monroe MI 48161 and 4074 Marshall Rd, Kettering OH 937.254.2236."
Erickson's,ericksonsgr.com,https://www.ericksonsgr.com,(231) 744-1686,North Muskegon,MI,United States,A — Industrial/turnaround,Crane & Rigging,,73,No,,,,W. Soule approved subcontractor list (PDF),https://www.wsoule.com/wp-content/uploads/2019/01/Approved-Denied-subcontractors.pdf,"""Crane, rigging, special transport, engineering""."
"J & J Electric, Inc.",jandjelect.com,https://www.jandjelect.com,(586) 757-7080,Warren,MI,United States,B — Commercial/industrial trade,Electrical,,59,No,,,same@jandjelect.com,SMCNECA member list,https://www.smcneca.org/members,ENRICH 2026-07-28: SMC NECA member directory (https://www.smcneca.org/members) lists contact 'Sam Ellison' with email Same@jandjelect.com. No title given there. Same address appears as the general inbox on the company's own site (https://jandjelect.com/contact/ and /about/) — recorded as both contact and company email. Company site has a /safety/ page but names no safety director.
"Central Conveyor Company, LLC",centralconveyor.com,https://centralconveyor.com,(248) 446-0118,,MI,United States,A — Industrial/turnaround,Millwright,,58,No,,,info@centralconveyor.com,CAM Buyers Guide – Millwrighting category,https://www.cambuyersguide.com/listings/category/53200-millwrighting,"Also under Machinery Moving Rig. & Erect. Name only — no contact detail on category page. | ENRICH 2026-07-28: 52800 Pontiac Trail, Wixom MI. No named staff published; dept inboxes only (estimating@, purchasing@, hr@, sales@)."
"J. Ranck Electric, Inc.",jranck.com,https://www.jranck.com,(989) 775-7393,Mt. Pleasant,MI,United States,B — Commercial/industrial trade,Electrical,,55,Yes,,,info@jranck.com,MI NECA member list (Bay City Division),https://michiganneca.org/neca-members/,"Also listed with Flint (810-424-9700) and Sault Ste. Marie (906-632-6721) offices — multi-branch, suggests larger field headcount. | ENRICH 2026-07-28: Website was blank — found and added https://www.jranck.com. Leadership on /who-we-are: Adam J. Ranck, Chief Executive Officer / President; Angie M. Wood, Vice President / HR Director. General inbox info@jranck.com and 800-792-3822 on /contact. /safety describes their 'Safe 365' program but names no safety director. No personal emails printed."
Newkirk Electric Associates,newkirk-electric.com,https://www.newkirk-electric.com,(810) 742-4400,Flint,MI,United States,B — Commercial/industrial trade,Electrical,,55,Yes,,,info@newkirk-electric.com,MI NECA member list (Flint Division),https://michiganneca.org/neca-members/,"Also listed with Lansing (517-977-0926) and Muskegon (231-722-1691) offices — multi-branch. | ENRICH 2026-07-28: Website was blank — added https://www.newkirk-electric.com. Contact name 'Ted Anton' from the MI NECA contractor directory page (no title, no email there). HIGH VALUE: their own https://www.newkirk-electric.com/contact-us/ publishes a dedicated safety inbox, safety@newkirk-electric.com, alongside info@newkirk-electric.com — good direct route for this product even though no safety director is named. /safety, /safety/commitment-to-safety and /about-us name no individuals with titles (only founder Arland Newkirk and 1973 shareholder Chris Anton, historical). Corporate office is Muskegon (231-722-1691); stored city Flint is the branch."
"Goyette Mechanical Company, Inc.",construction.goyettemechanical.com,https://construction.goyettemechanical.com,(810) 743-6883,Flint,MI,United States,B — Commercial/industrial trade,HVAC & Controls,,55,Yes,,,,Michigan MCA member list,https://www.michiganmca.org/members,"Also in SMACNA Metro Detroit HVAC category list. | ENRICH 2026-07-28: SAFETY DIRECTOR FOUND. /safety states verbatim: 'Our team of eight safety professionals, and growing, is led by Corporate Safety Director, Thomas Goyette, ASP, CSP.' No email published for him; /contact prints no names and no email address. Website added: www.goyettemechanical.com 302-redirects to construction.goyettemechanical.com. Separately, the Michigan MCA member directory lists Dominic Goyette (dgoyette@goyettemechnaical.com — domain misspelling is as printed) and Leif Johnson (ljohnson@goyettemechanical.com), neither with a title."
GRUNWELL-CASHERO COMPANY,gcbuildingrestoration.com,https://www.gcbuildingrestoration.com,(419) 476-2426,Toledo,OH,United States,A — Industrial/turnaround,Concrete & Restoration,building restoration,91,Yes,,,,AGC of NW Ohio contractor directory,https://agcnwo.com/contractors,"Signatory; restoration work (swing stage / fall protection profile) | ENRICH 2026-07-28: STRONG FIT — Mike Stislicki, 'Safety/Quality Manager', published on gcbuildingrestoration.com/staff/. Toledo office also lists Keith Fisher, General Manager (419-476-2426) as a local backup. NO email addresses published anywhere on the site (phone only). /safety references 'Qualified Safety Administrator with 30 Hour OSHA Training' but names nobody."
Industrial Resourcing Group,industrialresourcinggroup.com,https://industrialresourcinggroup.com,(419) 394-1770,,OH,United States,A — Industrial/turnaround,Industrial Staffing,industrial staffing,77,No,,,,MCA of NW Ohio membership directory,https://mcanwo.org/membership-directory/,"No city shown in the directory listing. Staffing agency — high-turnover credential profile | ENRICH 2026-07-28: Checked industrialresourcinggroup.com home and /contact. No names, titles or email addresses published anywhere — phone only. Offices: Cleveland/Hudson OH 6231 Chittenden Rd (234-380-1100) and St. Marys OH 14381 S.R. 116 (419-394-1770, matches record), plus a London location. St. Marys OH is the city for this record. Nothing recordable."
Graye Electrical Services Inc.,grayeelectricalservices.com,https://grayeelectricalservices.com,(734) 744-0216,Livonia,MI,United States,B — Commercial/industrial trade,Electrical,,59,No,,,,ABC Southeastern Michigan member directory (PDF),https://static1.squarespace.com/static/627041bf945c7320b8e0eb78/t/62d6cea14ea9b658391de175/1658244770101/ABC+SEMI+Member+Directory.pdf,"Division 26 – Electrical. | ENRICH 2026-07-28: WEBSITE CORRECTED — stored URL https://www.grayeelectricalservices.com fails DNS (www host does not resolve); the working canonical is https://grayeelectricalservices.com. NOTHING ELSE FOUND: tiny 3-page static site (index/about/generators), NO email address and NO named people or titles on any page. Confirmed 12257 Market Street, Livonia MI 48150; phone 734.744.0216 matches stored value; fax 734.744.0221. Trades as 'Graye Electrical Service Inc.' on its own about page."
Advantage Mechanical Group LLC,,,(810) 484-2990,Flint,MI,United States,B — Commercial/industrial trade,Mechanical,,55,No,,,,Michigan MCA member list,https://www.michiganmca.org/members,"ENRICH 2026-07-28: No company website found. Contact from the Michigan MCA member directory, which prints 'Jeffrey Howard / jhoward@advantagemechanical.group / 810-484-2990'. Corroborated by the Builders Exchange of Michigan member listing, which also names Jeffrey Howard. NO job title published — Title left blank."
"Eco Mechanical Insulation, LLC",,,(616) 446-5231,Grand Haven,MI,United States,A — Industrial/turnaround,Insulation,,73,No,,,,W. Soule approved subcontractor list (PDF),https://www.wsoule.com/wp-content/uploads/2019/01/Approved-Denied-subcontractors.pdf,"""Mechanical insulation install, design, fabrication"". | ENRICH 2026-07-28: contact name from West Michigan Building Trades union directory; no title or email published. No company website found."
"Mechanical Heat & Frost Insulation II, LLC",,,,,MI,United States,A — Industrial/turnaround,Insulation,,72,Yes,,,,CAM Buyers Guide – Insulation category,https://www.cambuyersguide.com/listings/category/44400-insulation,Name only in source — no phone/city. Name indicates Heat & Frost Insulators (Local 25) signatory work. | ENRICH 2026-07-28: no company website exists (Ferndale MI address only via directories). No public contact page.
Utilities Instrumentation Service Inc.,teamuis.com,https://www.teamuis.com,(800) 277-5740,Dexter,MI,United States,B — Commercial/industrial trade,Electrical,,59,Yes,,,,SMCNECA member list,https://www.smcneca.org/members,"MI NECA Southcentral Division also lists it at Dexter, MI, 734-424-1200. | ENRICH 2026-07-28: https://teamuis.com/team-uis-experts/ publishes Andy Gohl COO (Ann Arbor MI), Ken Wesley COO (Ann Arbor), Mark Beucler COO (Dayton OH), Brian Willis General Manager (Dayton OH), David Hite Sr. Project Manager, Duane Carr Project Manager. Homepage additionally lists Gary Walls President (Ann Arbor) and Kevin Mitchell Sr. Engineer. NO safety/EHS title published anywhere. Picked Andy Gohl, COO, as the Michigan-side operations lead (three people carry COO). ZERO email addresses published site-wide; /contact-us checked. Offices: Ann Arbor (800) 277-5740, Dayton OH (866) 439-9660, Grand Rapids."
"Bayes, Inc.",bayesinc.com,https://www.bayesinc.com,(419) 661-3933,Perrysburg,OH,United States,A — Industrial/turnaround,Piping & Plumbing,mechanical / industrial / piping,87,Yes,,,,UA Local 50 contractor directory,https://ualocal50.com/blog/contractors/,"Services: Mechanical, Industrial, Plumbing. MCA NWO also lists it as a pipe-welding contractor (Toledo, OH) | ENRICH 2026-07-28: /team publishes 7 names with titles and no safety/EHS role. Highest-priority match = Paul Matney, Vice President of Operations — no email printed for him. Also listed: Chris Bayes, President; Letty Hoffman, CFO; Jason Widmer, Director of Preconstruction Services; Nick Foos, Director of Technology & Fabrication. The ONLY email published on the whole site is Tyler Wicker, Business Development Manager — twicker@bayesinc.com — which also serves as the address on /contact; it is a personal address, not a general inbox, so it was NOT recorded in Company Email. 7414 Ponderosa Road, Perrysburg OH 43551."
Refrigeration Mechanics,refmech.com,http://www.refmech.com,(419) 352-0444,Bowling Green,OH,United States,B — Commercial/industrial trade,HVAC & Controls,,55,No,,,,UA Local 50 contractor directory,https://ualocal50.com/blog/contractors/,"ENRICH 2026-07-28: Company website appears to be refmech.com (titled 'Refrigeration Mechanics – Supermarket – Commercial – Restaurant – HVAC – Mechanical Trades'); added to Website. UNVERIFIED — the site could not actually be fetched because its TLS certificate does not match the refmech.com / www.refmech.com hostname, so no page content was read and no contact data was captured."
Dobson Industrial,dobsonindustrial.com,https://dobsonindustrial.com,(989) 684-7131,Bay City,MI,United States,A — Industrial/turnaround,Crane & Rigging,,73,No,,,,W. Soule approved subcontractor list (PDF),https://www.wsoule.com/wp-content/uploads/2019/01/Approved-Denied-subcontractors.pdf,"""Steel Erection, Fabrication, Rigging"". Also appears in CAM Buyers Guide 'Machinery Moving Rig. & Erect.' category. | ENRICH 2026-07-28: email lynnevlk@dobsonindustrial.com printed on homepage; no job title published anywhere on site."
"DUNBAR MECHANICAL, INC.",dunbarinc.com,https://dunbarinc.com,(419) 537-1900,Toledo,OH,United States,B — Commercial/industrial trade,Mechanical,,83,Yes,,,info@dunbarinc.com,AGC of NW Ohio contractor directory,https://agcnwo.com/contractors,"Signatory. UA Local 50 lists services as Mechanical, Industrial, Plumbing, HVAC, Control, Energy Auditing; MCA NWO lists it as a pipe-welding and boilermaker contractor | ENRICH 2026-07-28: Company now brands as 'Dunbar Inc.' on dunbarinc.com (dunbarmechanical.com resolves there). Leadership page names Erik Dunbar President, Bret Donnelly VP, Brad Rucki Director of Construction, Amy Liggett Director of Service Operations — NO safety/EHS role published and no individual emails. General inbox info@dunbarinc.com printed on the contact page. Toledo corporate 2806 N Reynolds Rd."
Hanks Plumbing & Heating Co.,,,(419) 843-2222,Toledo,OH,United States,B — Commercial/industrial trade,Piping & Plumbing,,55,No,,,,UA Local 50 contractor directory,https://ualocal50.com/blog/contractors/,"ENRICH 2026-07-28: No company-owned website found by search for Hanks Plumbing & Heating Co. (Toledo OH), and the company is not listed in the MCA NWO membership directory. Only aggregators and DOT/licensing records were available, neither of which were used as a contact source. Nothing recorded."
"Valley Electrical Contractors, Inc.",valleyelectrical-midland.com,https://valleyelectrical-midland.com,(989) 835-2154,Midland,MI,United States,B — Commercial/industrial trade,Electrical,,55,No,,,,W. Soule approved subcontractor list (PDF),https://www.wsoule.com/wp-content/uploads/2019/01/Approved-Denied-subcontractors.pdf,"""Electrical contracting"". Contact shown on 2019 source: Kevin Wray — verify. | ENRICH 2026-07-28: WEBSITE FOUND (field was blank): valleyelectrical-midland.com — homepage fetched OK, confirms full-service commercial/residential/industrial electrical contractor since 1981. Every interior page tried (/contact, /contact-us, /about, /about-us) is robots-blocked to automated fetch, so no name or email could be verified on the company's own domain. Existing note 'Kevin Wray (2019)' could NOT be verified — leave flagged. A 'Michael Parsons, President' appears on ZoomInfo only; aggregator source, deliberately not used. No contact fields recorded; status left Not contacted. Needs a manual browser visit."
"Merit Plumbing, Inc.",meritplumbing.com,https://www.meritplumbing.com,(419) 841-3216,Maumee,OH,United States,B — Commercial/industrial trade,Piping & Plumbing,plumbing,73,Yes,,,,UA Local 50 contractor directory,https://ualocal50.com/blog/contractors/,"MCA NWO signatory mechanical contractor | ENRICH 2026-07-28: meritplumbing.com home and /about-us checked — no names, titles or email addresses published anywhere. 480 W Dussel Dr., Suite 160, Maumee OH 43537; phone (419) 841-3216 matches record; fax (419) 458-2872. Canonical domain is meritplumbing.com without www. Nothing recorded."
Mechanical Industrial Insulation,,,(517) 323-4544,Lansing,MI,United States,A — Industrial/turnaround,Insulation,,73,No,,,,W. Soule approved subcontractor list (PDF),https://www.wsoule.com/wp-content/uploads/2019/01/Approved-Denied-subcontractors.pdf,"""Mechanical insualtion, asbestos abatement, lead abatement"" (spelling as shown). Abatement = heavy cert load. | ENRICH 2026-07-28: no company website found. Do not confuse with Michigan Mechanical Insulation (Smart Energy Insulation, Farmington Hills) — different firm."
"Gem, Inc. (Michigan — CAM listing)",,,,,MI,United States,A — Industrial/turnaround,Millwright,,58,No,,,,CAM Buyers Guide – Millwrighting category,https://www.cambuyersguide.com/listings/category/53200-millwrighting,"BRONZE member under Millwrighting and Machinery Moving Rig. & Erect. Name only. POSSIBLE DUPLICATE of GEM, Inc. (Walbridge OH) — verify before contacting. | ENRICH 2026-07-28: no separate Michigan GEM entity found. GEM Inc (Rudolph Libbe Group) runs a Southeast Michigan office at 734.455.0600 — treat as the same company as the Walbridge OH record and likely a duplicate."
Shoreview Electric Co.,shoreviewelectric.com,https://www.shoreviewelectric.com,(586) 463-8900,Clinton Township,MI,United States,B — Commercial/industrial trade,Electrical,,59,No,,,contact@shoreviewelectric.com,ABC Southeastern Michigan member directory (PDF),https://static1.squarespace.com/static/627041bf945c7320b8e0eb78/t/62d6cea14ea9b658391de175/1658244770101/ABC+SEMI+Member+Directory.pdf,"Division 26 – Electrical. | ENRICH 2026-07-28: No current staff named anywhere on own site (home, /about-shoreview-electric, /contact) — only historical founder Harry Puma (1966). General inbox contact@shoreviewelectric.com printed on contact page. No safety or team page exists. 37839 Groesbeck Hwy, Clinton Township MI 48036; phone matches."
Day & Zimmerman NPS,dayzim.com,https://www.dayzim.com,(419) 321-8303,Lancaster,PA,United States,A — Industrial/turnaround,Industrial Services,industrial,87,No,,,,UA Local 50 contractor directory,https://ualocal50.com/blog/contractors/,"Listed with a 419 (NW Ohio) phone number; category 'Industrial'. National firm — likely too large, verify | ENRICH 2026-07-28: dayzim.com/about/leadership names Jason Dunaway, President, Maintenance and Construction — the division that covers the NPS business on this record. No safety/EHS officer listed at corporate level and no emails or phone numbers published on the site. Confirms the 'likely too large' flag: Fortune-scale, Chair & CEO Harold L. Yoh III."
"Sibley, Inc.",sibleyinc.com,https://sibleyinc.com,(440) 324-2000,Elyria,OH,United States,B — Commercial/industrial trade,Sheet Metal,,59,No,,,,SMACNA North Central Ohio - Contractor Members,https://www.smacna-nco.com/,"ENRICH 2026-07-28: sibleyinc.com could not be fetched on four attempts (TLS internal error while retrieving robots.txt, on both http and https and on /5.html), so the company's own site yielded nothing. Site confirmed live and correct via the SMACNA of North Central Ohio member list (41530 Schadden Road, Elyria OH 44035, (440) 324-2000, matching the stored phone). The Construction Employers Association member directory (ceacisp.org) names Kevin Crosby as the company contact, with NO title and NO email published. Note: an unrelated 'Sibley Sheet Metal, Inc.' exists in Sibley, IA — not this company."
Vedder Electric,vedderelectric.com,http://www.vedderelectric.com,(734) 662-6220,Ann Arbor,MI,United States,B — Commercial/industrial trade,Electrical,,55,Yes,,,,MI NECA member list (Southcentral Division),https://michiganneca.org/neca-members/,"ENRICH 2026-07-28: WEBSITE FOUND (field was blank): vedderelectric.com. Home page and https://www.vedderelectric.com/contact-vedder-electric-ann-arbor-mi both checked — NO names, NO titles, NO email addresses published anywhere; contact is phone-only. Phone 734-662-6220 matches record. 2151 S State St, Ann Arbor MI 48104; mailing PO Box 2077, Ann Arbor MI 48106. Site content is residential/light-commercial service oriented (repairs, panel upgrades, generators), so industrial fit is weak. A parallel domain vedderelectric2.com also exists. Nothing recorded; status left Not contacted."
Wilkes & Co Inc,wilkesandcompany.com,https://www.wilkesandcompany.com,(419) 433-2325,Huron,OH,United States,B — Commercial/industrial trade,Piping & Plumbing,,55,No,,,info@wilkesandcompany.com,UA Local 50 contractor directory,https://ualocal50.com/blog/contractors/,"Also in Greater Sandusky directory as 'Wilkes Plumbing and Heating', Huron OH. | ENRICH 2026-07-28: Official site located and added: wilkesandcompany.com, trading as 'Wilkes Plumbing and Heating' (205 Sprowl Rd., Huron OH 44839; phone 419-433-2325 matches record exactly). /contact publishes the general inbox info@wilkesandcompany.com and no individual names or titles — the only byline on the page is the CMS author 'cluaton', which was not treated as a contact."
Murray Painting Co.,murraypainting.net,https://murraypainting.net,(989) 695-8152,Freeland,MI,United States,A — Industrial/turnaround,Industrial Cleaning & Coatings,industrial painting,97,Yes,,,,W. Soule approved subcontractor list (PDF),https://www.wsoule.com/wp-content/uploads/2019/01/Approved-Denied-subcontractors.pdf,"""Industrial and commercial union painters"". | ENRICH 2026-07-28: Official site murraypainting.net. Full staff directory with individual emails published on /about/. Andy Bovee = Safety Director (andy@murraypainting.net). Also J.D. Williams, VP of Environmental, Health & Safety (JD@murraypainting.net) and Justin Murray, VP of Operations/COO (justin@murraypainting.net). Best-documented contact set in this batch."
"Bierlein Companies, Inc.",bierlein.com,https://www.bierlein.com,(989) 496-0066,Midland,MI,United States,A — Industrial/turnaround,Industrial Services,,73,No,,,,W. Soule approved subcontractor list (PDF),https://www.wsoule.com/wp-content/uploads/2019/01/Approved-Denied-subcontractors.pdf,"""Demolition, dismantling, environmental services"". | ENRICH 2026-07-28: Official site bierlein.com found; 2000 Bay City Rd, Midland MI 48642, 989.496.0066 / 800.336.6626. Checked /contact, /safety, /our-people and /estimate — no individual names, titles or email addresses published anywhere (web forms only). 300+ employees. Nothing recordable; leaving contact fields blank."
Superior Electric Great Lakes Company,seglc.com,https://www.seglc.com,(248) 585-3400,Auburn Hills,MI,United States,B — Commercial/industrial trade,Electrical,,59,No,,,,SMCNECA member list,https://www.smcneca.org/members,"ENRICH 2026-07-28: Full leadership team published at https://seglc.com/our-team — NO safety/EHS role listed, so picked highest operations role: Jeffery Smiley, Chief Operating Officer. Also published: Dale Massy President & CEO; Scott Janssen VP/CFO; Scott Dupuie VP Ann Arbor Operations; Larry Pittsley VP Tennessee Operations; Chris MacPherson VP Estimating; Steven Reap VP Engineering; Jacqueline Hernandez VP HR; JD Wilt CIO. ZERO email addresses published site-wide (/contact and /safety-and-quality both checked). Emergency line 810.533.5594. ESOP-owned. Note https://www.seglc.com 302-redirects to http://seglc.com."
G.E. Insulation Co,geinsulationco.com,https://geinsulationco.com/,(989) 687-4042,Sanford,MI,United States,A — Industrial/turnaround,Insulation,,73,No,,,,W. Soule approved subcontractor list (PDF),https://www.wsoule.com/wp-content/uploads/2019/01/Approved-Denied-subcontractors.pdf,"""Installation of insulation"". Contact shown on 2019 source: Ryan Smith — verify."
JAG Electric LC,jagelectric.net,https://jagelectric.net,(989) 868-9853,Reese,MI,United States,B — Commercial/industrial trade,Electrical,,55,Yes,,,,MI NECA member list (Saginaw Division),https://michiganneca.org/neca-members/,"ENRICH 2026-07-28: Website was blank — added https://jagelectric.net (confirmed as JAG Electric & Communications, 1250 W. Vassar Rd., Reese MI 48757 via MI NECA member list https://michiganneca.org/neca-members/ Saginaw Division and CAM Buyers Guide). NO NAME/EMAIL FOUND: jagelectric.net blocks automated fetch of /about-us and /contact-us (robots.txt); homepage carries no names or emails. MI NECA and CAM listings publish no contact name. Needs manual visit."
"Harper Electric, Inc.",harperelectric.net,https://www.harperelectric.net,(734) 662-8367,Ann Arbor,MI,United States,B — Commercial/industrial trade,Electrical,,55,Yes,,,,MI NECA member list (Southcentral Division),https://michiganneca.org/neca-members/,"ENRICH 2026-07-28: Website found (was blank): https://www.harperelectric.net — identity confirmed, 6920 Jackson Road, Ann Arbor MI 48103 and phone 734-662-8367 matching the stored phone. NOTHING ELSE FOUND: no email address and no named people or titles on home, /services or /contact (fax 734-662-8394 only). No safety director published."
McNally-Nimergood,mcnally-nimergood.com,https://mcnally-nimergood.com,(989) 777-2361,Saginaw,MI,United States,A — Industrial/turnaround,Crane & Rigging,,73,No,,,,W. Soule approved subcontractor list (PDF),https://www.wsoule.com/wp-content/uploads/2019/01/Approved-Denied-subcontractors.pdf,"""Crane Rental, Heavy haul and transport"". Operator/rigger certification relevant. | ENRICH 2026-07-28: official site mcnally-nimergood.com located via search, but every page blocked fetching (robots.txt timeout) — contact info not verified."
"Northwest Custom Mechanical, LLC",,,(419) 782-5044,Defiance,OH,United States,B — Commercial/industrial trade,Mechanical,,55,No,,,,UA Local 50 contractor directory,https://ualocal50.com/blog/contractors/,"ENRICH 2026-07-28: Searched thoroughly — no company website exists. Only directory aggregators (BBB, Yelp, DexKnows, Kompass etc), which are excluded as a contact source. Not listed in the MCA NW Ohio membership directory. NO CONTACT FOUND. Address per listings: 6482 N State Route 66, Defiance OH."
BLACK SWAMP STEEL,blackswampsteel.com,https://www.blackswampsteel.com,(419) 867-8050,Holland,OH,United States,A — Industrial/turnaround,Steel Erection,,91,Yes,,,,AGC of NW Ohio contractor directory,https://agcnwo.com/contractors,"'Steel Erection Contractor', Signatory | ENRICH 2026-07-28: contact page repeatedly failed to load (robots.txt error); about/services pages carry no names or emails. No contact info obtained."
J.R. Heineman n Sons,jrheinemanscaffolding.com,https://jrheinemanscaffolding.com/,(989) 753-8483,Saginaw,MI,United States,A — Industrial/turnaround,Scaffolding,,73,No,,,admin@jrheineman.com,W. Soule approved subcontractor list (PDF),https://www.wsoule.com/wp-content/uploads/2019/01/Approved-Denied-subcontractors.pdf,"""General Contractor, Concrete Contractor, Scaffold Builder"". Name transcribed exactly as shown in source (likely 'J.R. Heineman & Sons')."
NORON,noroninc.com,https://noroninc.com,(419) 726-2677,Toledo,OH,United States,B — Commercial/industrial trade,Sheet Metal,HVAC / sheet metal,73,Yes,,,,AGC of NW Ohio contractor directory,https://agcnwo.com/contractors,"'HVAC & Sheet Metal Contractor', Signatory. UA Local 50 lists 'Noron Inc.', Toledo, Mechanical/HVAC/Refrigeration | ENRICH 2026-07-28: Leadership page for Kevin M. Boeke, PE states he is 'Owner of and responsible for overall performance of Noron, Inc. (since October 2000)'. No formal job title string is printed, so Contact Title was left BLANK rather than inferring 'Owner'. /company-history adds Norbert Boeke (founder, 1981) and Mark J. Beauch (in the leadership section, no title stated). NO email addresses are published anywhere on the site, including /contact-us. 5465 Enterprise Blvd, Toledo OH 43612; phone (419) 726-2677 matches; also (248) 355-0270 and (734) 662-7282. OH LIC #24876, MI LIC #7115389."
"Hunter Co., R.M.",,,,,MI,United States,A — Industrial/turnaround,Insulation,,58,No,,,,CAM Buyers Guide – Insulation category,https://www.cambuyersguide.com/listings/category/44400-insulation,BRONZE member. Name only. | ENRICH 2026-07-28: probable match rmhunterco.com but the site's TLS certificate is invalid so the page could not be fetched or verified. Nothing recorded.
Warner Mechanical Corporation,warnermech.com,https://www.warnermech.com,(419) 332-7116,Fremont,OH,United States,B — Commercial/industrial trade,Piping & Plumbing,,59,Yes,,,info@warnermech.com,UA Local 50 contractor directory,https://ualocal50.com/blog/contractors/,"Services: Mechanical, Plumbing, HVAC. Also on MCA NWO pipe-welding contractor list. | ENRICH 2026-07-28: /team lists 13 names with titles — no safety/EHS role and no individual email addresses. Trent Bloomfield, Owner & President selected (also: Paul Perry, Vice President; Kevin Phillips, Senior Project Manager; Didi Chamberlain, HR). General inbox info@warnermech.com is published on the homepage. 1609 Dickinson Street, Fremont OH 43420; phone (419) 332-7116 matches."
Luxury Heating Co.,luxuryheatingco.com,https://luxuryheatingco.com,(440) 387-4999,Elyria,OH,United States,B — Commercial/industrial trade,HVAC & Controls,,59,No,,,,SMACNA North Central Ohio - Contractor Members,https://www.smacna-nco.com/,"ENRICH 2026-07-28: /about/our-team publishes 17 names with titles but NO email addresses and no safety/EHS role. Highest-priority match per ranking = Garry Weich, General Manager (also listed: Paul Samek, President; Wayne Dvorscak, Service Manager; Randy Moore / Brian Bendlock / Adam McCarthy, Project Managers). /contact-us is a form only. Address 5327 Ford Road, Elyria OH 44035; phone (440) 387-4999 matches."
"Gelock Transfer Line, Inc.",gelock.com,https://gelock.com,(616) 774-2828,Grand Rapids,MI,United States,A — Industrial/turnaround,Crane & Rigging,,73,No,,,sales@gelock.com,W. Soule approved subcontractor list (PDF),https://www.wsoule.com/wp-content/uploads/2019/01/Approved-Denied-subcontractors.pdf,"""Crane rigging services"". | ENRICH 2026-07-28: official site is gelock.com (Gelock Heavy Movers). No named staff published."
R.L. Bondy,bondy-insulation.com,https://bondy-insulation.com/,(419) 666-6899,Northwood,OH,United States,A — Industrial/turnaround,Insulation,industrial insulation,87,Yes,,,,Western Lake Erie Insulation Industry - Our Contractors,https://insulateoh.com/our-contractors/,Mechanical insulation services; Local 45 signatory
"System Solutions HVAC, LLC",sshvacllc.com,https://sshvacllc.com,(419) 290-5548,Holland,OH,United States,B — Commercial/industrial trade,HVAC & Controls,,55,No,,,,UA Local 50 contractor directory,https://ualocal50.com/blog/contractors/,"ENRICH 2026-07-28: Official site located and added: sshvacllc.com. /contact-services and /contact-sales publish no names, titles or email addresses (web forms only). Site address 6210 Merger Dr., Holland OH 43528 and site phone 567-302-8787, which differs from the stored (419) 290-5548. Nothing else recorded."
K&R Metal Engineers Corp,krmetal.com,https://krmetal.com,(989) 892-1901,Bay City,MI,United States,A — Industrial/turnaround,Welding & Fabrication,,73,No,,,,W. Soule approved subcontractor list (PDF),https://www.wsoule.com/wp-content/uploads/2019/01/Approved-Denied-subcontractors.pdf,"Status shown: ""approved under $50k"" — smaller sub, verify size. | ENRICH 2026-07-28: Official site krmetal.com found (K-R Metal Engineers Corp, Bay City MI confirmed; phone (989) 892-1901 matches record). Single-page brochure site — no contact, about, team or safety pages, no email addresses, no named personnel. Consistent with the small-sub read."
"Michigan Mechanical Abatement, Inc.",smartenergyinsulation.com,https://www.smartenergyinsulation.com,(248) 789-4256,,MI,United States,A — Industrial/turnaround,Insulation,,58,No,,,,CAM Buyers Guide – Insulation Contractors category,https://www.cambuyersguide.com/listings/category/44500-insulation-contractors,"GOLD member. Name only. Abatement work = very heavy cert/medical-surveillance load. | ENRICH 2026-07-28: operates as a division of Smart Energy Insulation, Farmington Hills MI."
"Alloy Construction Services, Inc.",,,(989) 486-6960,Midland,MI,United States,A — Industrial/turnaround,Steel Erection,,73,No,,,,W. Soule approved subcontractor list (PDF),https://www.wsoule.com/wp-content/uploads/2019/01/Approved-Denied-subcontractors.pdf,"""Fabrication and erection of structural and miscellaneous steel"". | ENRICH 2026-07-28: no company-owned website found (aggregator listings only). No public contact page."
U.S. UTILITY CONTRACTOR CO. INC.,usutilitycontractors.com,https://www.usutilitycontractors.com,(419) 837-9753,Perrysburg,OH,United States,B — Commercial/industrial trade,Electrical,,73,Yes,,,,AGC of NW Ohio contractor directory,https://agcnwo.com/contractors,"Listed as 'Signatory Electrical Contractor' | ENRICH 2026-07-28: usutilitycontractors.com is live but its /contact page is robots-blocked to automated fetch; home and /about carry NO names and NO email addresses. NECA national directory listing (askneca.com/business-directory/384/u-s-utility-contractor-co/) confirms 3592 Genoa Rd, Perrysburg OH 43551 and phone 419-837-9753 (matches record) but shows NO contact person in the listing body — a personal name appears only in that page's HTML meta-author tag, which is a site byline, not a company contact, so deliberately not used. Only other sources were aggregators (RocketReach/ZoomInfo/BBB), excluded. Nothing recorded — needs a manual browser visit to /contact."
"EPD, Electrical Power & Design",epd-mi.com,https://www.epd-mi.com,(313) 948-3570,Redford,MI,United States,B — Commercial/industrial trade,Electrical,,59,No,,,,SMCNECA member list,https://www.smcneca.org/members,"ENRICH 2026-07-28: Website verified live (https://epd-mi.com — redirects from www.epd-mi.com). NOTHING FOUND to record: the site is a small GoDaddy build with NO email address and NO named personnel anywhere (home + about/contact sections checked; /contact-us returns 404). Phone (313) 948-3570 and address 18840 Woodworth, Redford MI 48240 confirmed on site, matching stored phone. NECA member (links to necanet.org)."
"U.S. Sheet Metal, Inc.",ussheetmetal.com,https://ussheetmetal.com,(989) 799-4850,Saginaw,MI,United States,B — Commercial/industrial trade,Sheet Metal,,55,No,,,,W. Soule approved subcontractor list (PDF),https://www.wsoule.com/wp-content/uploads/2019/01/Approved-Denied-subcontractors.pdf,"Services listed as ""HVAC"". | ENRICH 2026-07-28: SAFETY DIRECTOR FOUND. /about prints 'Scott Smock — Safety Director, Estimator & Project Manager' and describes him as 'our full time company safety director'. No email addresses are published anywhere on the site (/contact-us is a form only). Official website located and added: ussheetmetal.com. 3200 Enterprise Dr, Saginaw MI 48603; phone (989) 799-4850 matches record. Others published: Bruce Stockwell, Vice President; John Woolard, Production Manager; Gary Leinberger, Design/Project Manager."
"Ecker Mechanical Contractors, Inc.",,,(810) 742-8652,Burton,MI,United States,B — Commercial/industrial trade,Piping & Plumbing,,55,Yes,,,,ABC Southeastern Michigan member directory (PDF),https://static1.squarespace.com/static/627041bf945c7320b8e0eb78/t/62d6cea14ea9b658391de175/1658244770101/ABC+SEMI+Member+Directory.pdf,"Division 22 – Plumbing. Also in Michigan MCA member list (Burton, MI). | ENRICH 2026-07-28: Michigan MCA member directory row reads 'Ecker Mechanical Contrs Inc, PO Box 190099, Burton MI 48519, 810-742-8652, ehendershot@eckermechanical.com' with the named contact Emily Hendershot. MMCA publishes no job titles at all, so Contact Title was deliberately left blank rather than inferred. No company-owned website located by search."
ESCON,escon.us,https://escon.us,(989) 893-4541,Bay City,MI,United States,B — Commercial/industrial trade,Electrical,,55,Yes,,,,W. Soule approved subcontractor list (PDF),https://www.wsoule.com/wp-content/uploads/2019/01/Approved-Denied-subcontractors.pdf,"""Electrical Contracting, Data/Low Voltage"". Also as ""ESCON Group"" in MI NECA Bay City Division. | ENRICH 2026-07-28: Website found (was blank): https://escon.us — confirmed 'ESCON Group', 6 Johnson Court, Bay City MI 48708. Stored phone (989) 893-4541 CONFIRMED on /about; (989) 625-9474 is their emergency line. NO contact name or title published anywhere on the site (home, /about, /contact all checked — 'veteran-owned' but no owner named). The site's email address is JavaScript-obfuscated and did not render, so Company Email left BLANK rather than guessed. Sister company: ESCON Power Solutions (esconpowersolutions.com)."
"Sparks & Sommers Insulation Co., Inc.",sparksandsommers1.com,https://www.sparksandsommers1.com/,(586) 779-9525,Eastpointe,MI,United States,A — Industrial/turnaround,Insulation,,77,No,,,,ABC Southeastern Michigan member directory (PDF),https://static1.squarespace.com/static/627041bf945c7320b8e0eb78/t/62d6cea14ea9b658391de175/1658244770101/ABC+SEMI+Member+Directory.pdf,Listed under Division 06.
Faulkner Construction Co.,,,(989) 496-2202,Midland,MI,United States,B — Commercial/industrial trade,Mechanical,,55,No,,,,Michigan MCA member list,https://www.michiganmca.org/members,"ENRICH 2026-07-28: No live company website found (searched; only BBB/Yelp/bid aggregators). Contact from the Michigan MCA member directory, which prints 'Chad Christensen / c.christensen@faulknermi.com / 989-496-2202'. NO job title published — Title left blank. Email domain faulknermi.com suggests a company domain that does not currently serve a public site."
"Quality Aire Systems, Inc.",qualityairesystems.com,https://www.qualityairesystems.com,(734) 769-8545,Ann Arbor,MI,United States,B — Commercial/industrial trade,HVAC & Controls,,59,No,,,,ABC Southeastern Michigan member directory (PDF),https://static1.squarespace.com/static/627041bf945c7320b8e0eb78/t/62d6cea14ea9b658391de175/1658244770101/ABC+SEMI+Member+Directory.pdf,"Division 23 – HVAC. | ENRICH 2026-07-28: qualityairesystems.com homepage fetched — no names, titles or email addresses published; phone (734) 769-8545 and Ann Arbor MI 48105 confirmed. /contact, /contact-us and /about-us were unreachable on repeated attempts (robots.txt connect timeout). Nothing recorded — worth a manual retry."
FLATROCK BRIDGE GROUP,flatrockbridgegroup.com,https://www.flatrockbridgegroup.com,(419) 794-0098,Maumee,OH,United States,A — Industrial/turnaround,Steel Erection,,91,Yes,,,,AGC of NW Ohio contractor directory,https://agcnwo.com/contractors,"'Steel Erection Contractor', Signatory"
Williams Electrical and Telecommunications Company,williamsetco.com,https://www.williamsetco.com,(313) 921-1812,Detroit,MI,United States,B — Commercial/industrial trade,Electrical,,59,No,,,,SMCNECA member list,https://www.smcneca.org/members,"ENRICH 2026-07-28: williamsetco.com is confirmed live via search index but the ENTIRE domain is robots-blocked to automated fetch (both www and bare host, home/about/contact all refused) — no page could be read. The only third-party sources returned were aggregators (ZoomInfo, RocketReach, Seamless.AI, D&B) which are excluded as contact sources, so NO name and NO email recorded. RocketReach surfaces a 'Rodney Williams, President and CEO' but that is an excluded aggregator and was not used — verify manually before trusting. Status left Not contacted. ACTION: open williamsetco.com in a real browser to finish this record."
"CTI and Associates, Inc.",cticompanies.com,https://www.cticompanies.com,(248) 486-5100,Novi,MI,United States,A — Industrial/turnaround,Industrial Services,environmental / industrial services,77,No,,,,ABC Southeastern Michigan member directory (PDF),https://static1.squarespace.com/static/627041bf945c7320b8e0eb78/t/62d6cea14ea9b658391de175/1658244770101/ABC+SEMI+Member+Directory.pdf,Division 01 – General Requirements. | ENRICH 2026-07-28: Checked cticompanies.com home and /health-safety/. The health & safety page describes the program in detail but names no safety director or EHS staff and prints no email. /contact/ returns 404. Only published number is 1-800-CTI-TODAY. Nothing recordable.
"PROS Services, Inc.",prosservices.com,https://prosservices.com,(313) 789-3229,,MI,United States,A — Industrial/turnaround,Industrial Cleaning & Coatings,,68,No,,,,CAM Buyers Guide – Industrial Cleaning category,https://www.cambuyersguide.com/listings/category/203068-industrial-cleaning-see-also-deep-cleaning-industrial,"BRONZE member. One of only two firms in CAM's Industrial Cleaning category. | ENRICH 2026-07-28: Official site prosservices.com found. Office (313) 789-3229, 24/7 line (313) 921-5527. Address PO Box 585, 16545 Eastland Rd, Roseville MI 48066 — fills the blank city. No personnel names and no email addresses published on /contact/ or /about-us/ (web form only), so contact fields left blank."
Waste Recovery Systems,industrialwasterecovery.com,https://industrialwasterecovery.com,(616) 719-5595,Wyoming,MI,United States,A — Industrial/turnaround,Industrial Cleaning & Coatings,industrial cleaning,83,No,,,office@industrialwasterecovery.com,W. Soule approved subcontractor list (PDF),https://www.wsoule.com/wp-content/uploads/2019/01/Approved-Denied-subcontractors.pdf,"""Industrial cleaning Bulk hauling Sewer cleaning"". | ENRICH 2026-07-28: Official site industrialwasterecovery.com. General inbox office@industrialwasterecovery.com; 4750 Clyde Park Ave SW, Wyoming MI 49509. No individuals named anywhere on site. Site advertises Avetta, ISN, Gold Shovel Standard and PACP certifications — prequalification-driven buyer."
"Macomb Mechanical, Inc.",macombmechanical.com,https://www.macombmechanical.com,(586) 737-9900,,MI,United States,A — Industrial/turnaround,Welding & Fabrication,,73,Yes,,,,SMACNA Metro Detroit – HVAC category,https://www.smacnad.org/list/ql/heating-ventilation-air-conditioning-3,"Phone from SMACNA HVAC listing (city not displayed). Also GOLD member in CAM Buyers Guide Pipe Welding category. | ENRICH 2026-07-28: Official site macombmechanical.com found. Address is 6250 19 Mile Rd, Sterling Heights MI 48314 — fills the blank city. Main (586) 737-9900, service dept (586) 737-9920. No individual names, titles or email addresses published on /about-us or /contact-us (form only), so contact fields left blank."
"Advanced Specialty Contractors, Inc.",irex.com,https://irex.com/locations/advanced-specialty-contractors,(419) 661-8522,Northwood,OH,United States,A — Industrial/turnaround,Insulation,industrial insulation,91,Yes,,,IrexWorks@IrexCorp.com,Western Lake Erie Insulation Industry - Our Contractors,https://insulateoh.com/our-contractors/,Described as providing professional mechanical insulation services; union signatory with Insulators Local 45
Dynamic Mechanical Insulation,dmi-insulation.com,https://www.dmi-insulation.com/,(313) 574-2428,Rockwood,MI,United States,A — Industrial/turnaround,Insulation,,73,No,,,info@dmi-insulation.com,ABC Southeastern Michigan member directory (PDF),https://static1.squarespace.com/static/627041bf945c7320b8e0eb78/t/62d6cea14ea9b658391de175/1658244770101/ABC+SEMI+Member+Directory.pdf,Division 07 – Thermal and Moisture Protection.
"Hoyt, Brumm & Link, Inc.",,,(248) 548-3355,Ferndale,MI,United States,A — Industrial/turnaround,Welding & Fabrication,,73,No,,,,Michigan MCA member list,https://www.michiganmca.org/members,"Also BRONZE member in CAM Buyers Guide Pipe Welding category. | ENRICH 2026-07-28: Company site appears to be hblpipe.com (titled 'Hoyt, Brumm & Link Mechanical Contractor — Your Global Leader in Mechanical Piping Systems') but it could NOT be fetched: the host serves a self-signed TLS certificate and robots.txt fails, so the domain is unverified and no content was read. Website field left blank pending a manual check. No contact info recorded."
"SSH Mechanical Services, LLC",,,(419) 581-2211,Portage,OH,United States,A — Industrial/turnaround,HVAC & Controls,industrial / HVAC / controls,83,No,,,,UA Local 50 contractor directory,https://ualocal50.com/blog/contractors/,"Services: Industrial, HVAC, Control | ENRICH 2026-07-28: No company-owned website found by search for SSH Mechanical Services, LLC (Portage OH). Not listed in the MCA NWO membership directory. Only aggregator listings were available and those were not used. Nothing recorded."
Allingham Corporation,allinghamcorp.com,https://www.allinghamcorp.com,(248) 357-5400,,MI,United States,A — Industrial/turnaround,Crane & Rigging,,58,No,,,cranes@allinghamcorp.com,CAM Buyers Guide – Crane Rental category,https://www.cambuyersguide.com/listings/category/21600-crane-rental,"Name only. | ENRICH 2026-07-28: 21250 W 8 Mile Rd, Southfield MI. No named staff published on site."
"DBP COMPANIES, INC.",thesperlingcompany.com,https://thesperlingcompany.com,(419) 865-6171,Holland,OH,United States,B — Commercial/industrial trade,HVAC & Controls,mechanical / HVAC,73,Yes,,,,AGC of NW Ohio contractor directory,https://agcnwo.com/contractors,"'Mechanical/HVAC Contractor', Signatory | ENRICH 2026-07-28: CAUTION — stored website thesperlingcompany.com is 'Sperling Heating & Ventilating Co., Inc.' (8650 Airport Hwy, Holland OH 43528). Phone 419.865.6171 matches this record exactly, so treated as the same entity, but the name 'DBP Companies, Inc.' appears nowhere on the site. VERIFY the entity link before outreach. /about-us prints Kurt Deal, President (x204, kurt.deal@thesperlingcompany.com); Rod Fry, Vice President (rod.fry@thesperlingcompany.com); Jennifer Wymer, Accounting Manager. /safety names no safety director; /contact has no names or emails."
Thiel Electric,thielelectric.com,http://www.thielelectric.com,(989) 792-1188,Saginaw,MI,United States,B — Commercial/industrial trade,Electrical,,65,Yes,,,,W. Soule approved subcontractor list (PDF),https://www.wsoule.com/wp-content/uploads/2019/01/Approved-Denied-subcontractors.pdf,"""Commercial and Industrial Electrical Services"". Also in MI NECA Saginaw Division list. | ENRICH 2026-07-28: WEBSITE FOUND (field was blank): thielelectric.com — family-owned since 1976, tri-cities commercial/industrial. Own homepage carries no names, emails or usable nav; interior/contact pages are robots-blocked to automated fetch. David Thiel listed as the company contact on the MI NECA association directory — NO title published there, so Contact Title deliberately left blank. NECA address 7920 McCarty Rd, Saginaw MI 48603; phone 989-792-1188 matches. No email found on any allowed source."
"BRINT ELECTRIC, INC.",brintelectric.com,https://www.brintelectric.com,(419) 841-3326,Toledo,OH,United States,B — Commercial/industrial trade,Electrical,,73,Yes,,,info@brintelectric.com,AGC of NW Ohio contractor directory,https://agcnwo.com/contractors,"Listed as 'Electric Contractor'; flagged (Signatory) = union signatory member | ENRICH 2026-07-28: SAFETY DIRECTOR PUBLISHED — Ray Morris, Safety Director, named with photo and quote on https://brintelectric.com/safety/. No personal email printed. General inbox info@brintelectric.com published site-wide. Second phone for the Michigan office: (517) 263-4840 (OH office (419) 841-3326 = stored value)."
"Commercial Insulation, Inc.",comminsul.com,http://www.comminsul.com/,(419) 269-1741,Toledo,OH,United States,A — Industrial/turnaround,Insulation,industrial insulation,91,Yes,,,,Western Lake Erie Insulation Industry - Our Contractors,https://insulateoh.com/our-contractors/,Mechanical insulation services; Local 45 signatory | ENRICH 2026-07-28: listed domain comminsul.com no longer resolves (DNS dead). No live company site or contact page found.
Gundlach Sheet Metal Works,gundlachsheetmetal.com,https://gundlachsheetmetal.com,(800) 953-4525,Sandusky,OH,United States,B — Commercial/industrial trade,Sheet Metal,,59,No,,,service@gundlach-hvac.com,SMACNA North Central Ohio - Contractor Members,https://www.smacna-nco.com/,"Also in Greater Sandusky directory as 'Gundlach Sheet Metal', (419) 626-4525 | ENRICH 2026-07-28: Homepage publishes the general inbox service@gundlach-hvac.com — note the different domain from the website. Four phone lines published: toll-free (800) 953-4525 (matches record), Erie County (419) 626-4525, Huron County (419) 668-0999, Ottawa County (419) 734-7351. Locations: 910 Columbus Ave, Sandusky OH 44870 and 4125 E Kirk Rd, Port Clinton OH. /about names only 'Charlie Moorhead' in a Walleyes for Wounded Heroes charity context with no title — deliberately NOT recorded as a business contact. Confirmed on the SMACNA of North Central Ohio member list."
BROCK GROUP,brockgroup.com,https://www.brockgroup.com,(567) 287-4229,Maumee,OH,United States,A — Industrial/turnaround,Industrial Services,specialty multi-craft industrial services,101,Yes,,,,AGC of NW Ohio contractor directory,https://agcnwo.com/contractors,"Listed as 'Specialty Multi-craft Services Contractor', Signatory. Scaffolding/insulation/coatings turnaround profile | ENRICH 2026-07-28: brockgroup.com/who-we-are publishes full exec roster. Brian Narramore is SVP CHRO & HSEQ — the senior safety/EHS owner. Also relevant: Mike Wiltermood, President Brock Industrial Services, and Grant Roscoe, COO. No emails or phone published anywhere on the site; /hseq page has no named personnel. Large national firm — corporate-level buy, not a Maumee branch decision."
"Coyle Mechanical, Inc.",coylemechanical.com,https://coylemechanical.com,(419) 729-3007,Toledo,OH,United States,B — Commercial/industrial trade,Piping & Plumbing,,59,No,,,,UA Local 50 contractor directory,https://ualocal50.com/blog/contractors/,"AGC NWO lists it as 'Plumbing & Heating Contractor', Toledo OH 43612. | ENRICH 2026-07-28: coylemechanical.com home and /quote-form checked — no names, titles or email addresses published anywhere (contact form only). Phone 419.729.3007 and 940 Matzinger Road, Toledo OH 43612 both confirmed on site. Also confirmed as a member of the MCA NWO membership directory, which prints no contact names. Nothing recorded."
IREX INDUSTRIAL COATINGS,advancedindustrialservices.com,https://www.advancedindustrialservices.com,(419) 661-8522,Toledo,OH,United States,A — Industrial/turnaround,Industrial Cleaning & Coatings,industrial coatings / specialty,91,Yes,,,,AGC of NW Ohio contractor directory,https://agcnwo.com/contractors,"'Specialty Contracting Company', Signatory. Shares phone number with Advanced Specialty Contractors (Irex family) | ENRICH 2026-07-28: Checked advancedindustrialservices.com home, /contact-us/ and /safety/. The safety page states they run 'a fully staffed Safety Department consisting of Regional and Area Safety Managers, Site Safety Coordinators as well as corporate-level support' but names no one and prints no email addresses. Toledo branch (419) 661-8522 confirmed — same number as the Marietta branch. Nothing recordable."
Pitsch Co.,pitschcompanies.com,https://pitschcompanies.com,(616) 363-4895,Grand Rapids,MI,United States,A — Industrial/turnaround,Industrial Cleaning & Coatings,,73,No,,,,W. Soule approved subcontractor list (PDF),https://www.wsoule.com/wp-content/uploads/2019/01/Approved-Denied-subcontractors.pdf,"""Demolition Asbestos, Abatement, Site Restoration"". | ENRICH 2026-07-28: Official site pitschcompanies.com found (Pitsch Companies). Main office 616.363.4895, landfill 616.794.3050. Contact page uses a Wufoo form only — no email addresses and no named personnel anywhere on the site, so contact fields left blank."
"Progressive Mechanical, Inc.",progressivemech.com,https://progressivemech.com,(248) 399-4200,,MI,United States,A — Industrial/turnaround,Welding & Fabrication,,58,No,,,pmi@progressivemech.com,CAM Buyers Guide – Pipe Welding category,https://www.cambuyersguide.com/listings/category/60700-pipe-welding,"Listed as ""Progressive Mechanical, Inc., VOB"" — VETERAN-OWNED designation. Strong warm-intro candidate given your Jinni standing. | ENRICH 2026-07-28: Official site progressivemech.com. HQ Clawson MI (not Ferndale); satellite offices Mount Clemens MI and Blacklick OH, fab shop Bay City MI. /safety/ page carries signed safety-commitment letters from Randy Hosler, President and Charles Hosler, Executive VP — no dedicated safety director named. Only general inbox pmi@progressivemech.com published. 310 trade personnel, 20 states."
"Joe Pizik Electric, Inc.",joepizikelectric.com,https://www.joepizikelectric.com,(248) 362-3608,Troy,MI,United States,B — Commercial/industrial trade,Electrical,,59,No,,,,ABC Southeastern Michigan member directory (PDF),https://static1.squarespace.com/static/627041bf945c7320b8e0eb78/t/62d6cea14ea9b658391de175/1658244770101/ABC+SEMI+Member+Directory.pdf,"Division 01 – General Requirements. | ENRICH 2026-07-28: Only person named anywhere on the company's own site is founder Joe Pizik, on the About page — NO TITLE IS PRINTED, so Contact Title left blank. Page states 'Joe still believes customer satisfaction and quality work are what keep Joe Pizik Electric thriving' (present tense). No email published anywhere on site; contact page lists only 1-800-292-1476 and fax (248) 362-3640 at 375 Oliver, Troy MI. Not in SMC NECA/MI NECA directories — likely non-union, residential/generator-heavy. Verify fit."
"HM White, LLC",hmwhite.com,https://www.hmwhite.com,(313) 531-8477,,MI,United States,A — Industrial/turnaround,HVAC & Controls,,73,No,,,sales@hmwhite.com,SMACNA Metro Detroit – HVAC category,https://www.smacnad.org/list/ql/heating-ventilation-air-conditioning-3,"City not displayed in source listing. | ENRICH 2026-07-28: Official site located and added: hmwhite.com. CITY RESOLVED = Detroit (12855 Burt Rd, Detroit MI 48223); phone (313) 531-8477 matches record. General inbox sales@hmwhite.com. Home and /about-us/who-we-are publish no individual names or titles; no named safety director despite heavy safety messaging."
Douglas Electric Co.,douglaselectricco.com,https://www.douglaselectricco.com,(734) 281-6994,Wyandotte,MI,United States,B — Commercial/industrial trade,Electrical,,59,No,,,marketing@douglaselectricco.com,ABC Southeastern Michigan member directory (PDF),https://static1.squarespace.com/static/627041bf945c7320b8e0eb78/t/62d6cea14ea9b658391de175/1658244770101/ABC+SEMI+Member+Directory.pdf,"Division 26 – Electrical. Downriver industrial corridor. | ENRICH 2026-07-28: Company inbox marketing@douglaselectricco.com published on https://www.douglaselectricco.com/contact-us (listed for 'general questions'). NO individual names or titles published anywhere — /about/training-safety says only 'a designated safety officer, supported by OSHA-30 trained staff', unnamed; Contact Name/Title left blank. Contact page confirms HQ 759 Grove Street, Wyandotte MI 48192 plus a second location at 41300 Coca Cola Dr, Van Buren MI (734-281-6994 = stored phone); toll-free (800) 686-3684. DATA NOTE: the site's homepage footer shows a placeholder address ('6391 Elgin St. Celina, Delaware 10299') — template filler, ignore."
"GEM Industrial, Inc.",gemincorporated.com,https://www.gemincorporated.com,(419) 666-6554,Toledo,OH,United States,A — Industrial/turnaround,Mechanical,industrial mechanical,87,No,,,,UA Local 50 contractor directory,https://ualocal50.com/blog/contractors/,"Services listed: Mechanical, Industrial, Plumbing, HVAC, Refrigeration, Control, Energy Auditing | ENRICH 2026-07-28: GEM Inc. is part of Rudolph Libbe Group; its page on the parent's own domain (rlgbuilds.com/companies/gem-inc/) prints Brian Klatt, Vice President, Enterprise Business Development, Brian.Klatt@rlgbuilds.com, 419.241.5000. gemincorporated.com itself is blocked to crawlers (robots) and its homepage publishes no names or email — only HVAC emergency (866) 720-2700 and construction emergency (419) 666-6554. NOT a safety contact — business development only; use as a door-opener."
Lee Industrial Contracting,leecontracting.com,https://www.leecontracting.com,(248) 332-4646,Pontiac,MI,United States,A — Industrial/turnaround,Millwright,,65,No,,,,CAM Buyers Guide listing,https://www.cambuyersguide.com/listings/33652-0-lee-industrial-contracting,"Address: 631 Cesar E. Chavez, Pontiac, MI 48342. CAM categories: Millwrighting, Pipe Welding, Machinery Moving Rig. & Erect."
"Earl Mechanical Services, Inc.",earlmechanical.com,https://www.earlmechanical.com,(419) 826-9999,Wauseon,OH,United States,A — Industrial/turnaround,Mechanical,mechanical / industrial,87,Yes,,,service@earlmechanical.com,UA Local 50 contractor directory,https://ualocal50.com/blog/contractors/,"Services: Mechanical, Industrial, Plumbing, HVAC, Refrigeration. Also on MCA NWO pipe-welding list | ENRICH 2026-07-28: STRONG FIT — Dan Worstein, Safety Director, published on earlmechanical.com/about. Also Matt Earl President and Chrissy Earl VP/Controller. NO individual emails printed; general inboxes service@earlmechanical.com and estimation@earlmechanical.com are on /contact. Contact page phones (419) 337-7552 / (419) 337-1026 differ from the (419) 826-9999 on file."
NOOTER,cicgroup.com,https://cicgroup.com/nooter,(419) 727-1970,Perrysburg,OH,United States,A — Industrial/turnaround,Mechanical,mechanical / industrial,101,Yes,,,,AGC of NW Ohio contractor directory,https://agcnwo.com/contractors,"'Mechanical Contractor', Signatory. UA Local 50 lists 'Nooter Toledo', Toledo OH, Mechanical + Industrial. MCA NWO boilermaker list shows 'RMF NOOTER LLC (Toledo)' | ENRICH 2026-07-28: Nooter is part of CIC Group; only named person published on cicgroup.com/nooter is Andrea Pacchiarotti, Director of Specialty Welding. NOT a safety/EHS role — weaker fit, treat as a routing contact. No email addresses published. Perrysburg site: 310 3rd St, 419-727-1970, fax 419-727-1989. cicgroup.com/contact errored on fetch."
Wadsworth Service Inc,wadsworthsolutions.com,https://wadsworthsolutions.com,(419) 861-3795,Perrysburg,OH,United States,B — Commercial/industrial trade,HVAC & Controls,,59,No,,,,UA Local 50 contractor directory,https://ualocal50.com/blog/contractors/,"Services: HVAC, Control | ENRICH 2026-07-28: Company now trades as 'Wadsworth Solutions' at wadsworthsolutions.com (stored URL is correct and live). Home and /about publish no names, titles or email addresses — only four regional office phone numbers. The Toledo/Perrysburg office is listed as 419.861.8181 at 1500 Michael Owens Way, Perrysburg OH 43551, which differs from the stored (419) 861-3795. Nothing recorded."
"Campbell Industrial Contractors, Inc.",campbellindustrialcontractors.com,https://www.campbellindustrialcontractors.com,(248) 546-6539,Royal Oak,MI,United States,A — Industrial/turnaround,Industrial Services,industrial / metals,77,No,,,,ABC Southeastern Michigan member directory (PDF),https://static1.squarespace.com/static/627041bf945c7320b8e0eb78/t/62d6cea14ea9b658391de175/1658244770101/ABC+SEMI+Member+Directory.pdf,"Division 05 – Metals. | ENRICH 2026-07-28: campbellindustrialcontractors.com could NOT be fetched — robots.txt request failed on all connection attempts, so no page content was read. A web search surfaced no alternate official domain (directory aggregators only, which are excluded). No contact info recorded; needs a manual browser visit."
"KOKOSING INDUSTRIAL, INC.",kokosing.biz,https://www.kokosing.biz,(614) 212-5700,Toledo,OH,United States,A — Industrial/turnaround,Industrial Services,industrial construction,101,Yes,,,,AGC of NW Ohio contractor directory,https://agcnwo.com/contractors,"Signatory; industrial division with a Toledo address | ENRICH 2026-07-28: kokosing.biz/about-us/ names Ken Gonya as President of Kokosing Industrial, Inc. (the exact entity on this record). No emails published; only 800-800-6315 corporate line. /our-culture/safety/ page names no safety personnel."
Link Electric Company,,,(989) 781-3445,Saginaw,MI,United States,B — Commercial/industrial trade,Electrical,,69,Yes,,,,MI NECA member list (Saginaw Division),https://michiganneca.org/neca-members/,"Union NECA/IBEW signatory. | ENRICH 2026-07-28: No company website exists (search returned aggregators only). Contact name 'Dave Nostrandt' published on the MI NECA contractor directory page (union association source) — no title, no email listed. DATA NOTE: MI NECA shows a different address and phone than the stored record — 9775 Marshall Rd., Birch Run MI 48415, 989-401-6337 (stored: Saginaw, 989-781-3445). Stored phone left as-is; verify which is current."
FRED CHRISTEN & SONS CO.,cdetroit.com,https://www.cdetroit.com,(419) 243-4161,Toledo,OH,United States,B — Commercial/industrial trade,Sheet Metal,roofing / sheet metal,73,Yes,,,email@cdetroit.com,AGC of NW Ohio contractor directory,https://agcnwo.com/contractors,"'Roofing & Sheet Metal Contractor', Signatory | ENRICH 2026-07-28: SAFETY CONTACT FOUND, with a caveat. cdetroit.com is Christen Detroit, which states on-site it is 'A Division of The Fred Christen and Sons Company, Toledo, Ohio, Established 1897' — so it is the company's own corporate domain. /contact.htm lists the Toledo office (PO Box 547, Toledo OH 43608; 419-243-4161, matching this record; toll-free 800-243-4161) with NO named contacts. Every named contact on that page belongs to the Detroit division: James Brown / Safety / safety@cdetroit.com, plus Michael Schreiber, David Thompson, Tim Davis and Claude Garrett (no titles) and Curt Hay / Web. Recorded the safety contact per priority — CONFIRM he covers the Toledo operation before outreach. General inbox email@cdetroit.com. Note: /contact.html 404s; the correct path is /contact.htm."
Motor City Electric Company,mceco.com,https://www.mceco.com,(313) 921-5300,Detroit,MI,United States,B — Commercial/industrial trade,Electrical,,59,No,,,contact@mceco.com,SMCNECA (Southeastern Michigan NECA) member list,https://www.smcneca.org/members,"Motor City Electric Technologies, Inc. listed separately at same phone/website. Large firm — verify size fit. | ENRICH 2026-07-28: SAFETY DIRECTOR FOUND — Aaron Munoz, photo caption on https://www.mceco.com/safety/ reads verbatim 'MCE Corporate Safety Director ASSP Safety Professional of the Year' (ASSP Professional of the Year 2021); recorded title as Corporate Safety Director. Same page also names Sean Birmingham and Don Koontz, both 'MCE Safety Manager', and Dave Volkman, President. No individual emails printed — site publishes contact@mceco.com (general) and bids@mceco.com (bid/BD). NOTE: SMC NECA lists a different member contact, Gary Wieczorek, with a personal iCloud address — not used. MCE is a holding group: Rotor Electric, Huron Valley Electric and Williams Electrical & Telecom on this list are all MCE companies."
Smillie Plumbing & Heating,,,(989) 695-5133,Freeland,MI,United States,B — Commercial/industrial trade,Piping & Plumbing,,55,No,,,,Michigan MCA member list,https://www.michiganmca.org/members,"ENRICH 2026-07-28: Michigan MCA member directory row reads 'Smillie Plumbing and Htg, 10270 Pierce Road, Freeland MI 48623, 989-695-5133' with named contact John Smillie (phone matches record). MMCA publishes no job titles, so Contact Title left blank. IMPORTANT: the email printed in that row is info4@mpmca.org — an association-side placeholder inbox, not a Smillie address — so Contact Email was deliberately left BLANK rather than recording a misleading value. No company-owned website located."
"GEM, INC.",gemincorporated.com,https://www.gemincorporated.com,(419) 666-6554,Walbridge,OH,United States,A — Industrial/turnaround,Steel Erection,mechanical / electrical / erection,91,Yes,,,,AGC of NW Ohio contractor directory,https://agcnwo.com/contractors,"'Mechanical/Electrical/Erection Contractor', Signatory. Also on UA Local 50, MCA NWO pipe-welding + boilermaker lists, and the WLEII insulation contractor list"
J.B. Electrical Co.,jbelectricalco.com,https://www.jbelectricalco.com,(586) 264-8667,Sterling Heights,MI,United States,B — Commercial/industrial trade,Electrical,,59,No,,,,ABC Southeastern Michigan member directory (PDF),https://static1.squarespace.com/static/627041bf945c7320b8e0eb78/t/62d6cea14ea9b658391de175/1658244770101/ABC+SEMI+Member+Directory.pdf,"Division 26 – Electrical. | ENRICH 2026-07-28: NO CONTACT FOUND. https://www.jbelectricalco.com serves only a maintenance placeholder ('Our site is currently undergoing maintenance') — no nav, no contact info; /contact returns 404. Not listed in the SMC NECA or MI NECA member directories. No non-aggregator source available. Recheck when site is restored."
"Munro Electric Company, Inc.",,,(248) 344-9990,Wixom,MI,United States,B — Commercial/industrial trade,Electrical,,55,No,,,mec@munroelectric.comcastbiz.net,SMCNECA member list,https://www.smcneca.org/members,"ENRICH 2026-07-28: No company website exists (search returned aggregators only). SMC NECA member directory publishes contact 'John D. Munro' with company inbox mec@munroelectric.comcastbiz.net at 48590 Downing Street, Wixom MI 48393-0178, (248) 344-9990 — phone confirms stored value. No title published, so Contact Title blank; the mec@ address is a company inbox, not personally attributed, so it went in Company Email rather than Contact Email."
Dynamic Piping,,,(989) 642-5257,Hemlock,MI,United States,B — Commercial/industrial trade,Piping & Plumbing,,55,No,,,,W. Soule approved subcontractor list (PDF),https://www.wsoule.com/wp-content/uploads/2019/01/Approved-Denied-subcontractors.pdf,"""Fire Protection Contractor"" — NICET certification profile. | ENRICH 2026-07-28: No company-owned website found by search for Dynamic Piping Co., Inc. (14816 Gratiot Rd, Hemlock MI 48626). All results were directory aggregators, which were not used as a source. Nothing recorded."
Miller Industries,millc.com,https://www.millc.com,(810) 232-0322,Fenton,MI,United States,B — Commercial/industrial trade,Mechanical,,55,No,,,info@millc.com,Michigan MCA member list,https://www.michiganmca.org/members,"ENRICH 2026-07-28: Official site is millc.com (found via search) — publishes only info@millc.com and (810) 373-0322, no names or titles on /about-us or /contact-us. Named contact Chad Miller / cmiller@millc.com comes from the Michigan MCA member directory (https://www.michiganmca.org/quick-links/members), which is the Contact Source URL. NO job title published — Title left blank. Note two phones in circulation: 810-232-0322 (on file / MMCA) vs 810-373-0322 (own site)."
Connelly Crane Rental Corp.,connellycrane.com,https://connellycrane.com,(313) 531-2700,,MI,United States,A — Industrial/turnaround,Crane & Rigging,,58,No,,,,CAM Buyers Guide – Crane Rental category,https://www.cambuyersguide.com/listings/category/21600-crane-rental,"BRONZE member. Name only on category page. | ENRICH 2026-07-28: official site connellycrane.com, 12635 Marion, Redford Twp MI. No email address and no named staff published anywhere on the site."
"Miller-Boldt, Inc.",miller-boldt.com,https://www.miller-boldt.com,(586) 997-3300,,MI,United States,A — Industrial/turnaround,Welding & Fabrication,,58,No,,,info@miller-boldt.com,CAM Buyers Guide – Pipe Welding category,https://www.cambuyersguide.com/listings/category/60700-pipe-welding,"BRONZE member. Name only on category page. | ENRICH 2026-07-28: Official site miller-boldt.com found. Matthew Miller named as founder (company established 2002). General inbox info@miller-boldt.com. Offices: 21481 Carlo Dr, Clinton Township MI 48038 and 42826 Mound Rd, Sterling Heights MI. No safety/EHS personnel published."
B & M Crane Rental,,,,,MI,United States,A — Industrial/turnaround,Crane & Rigging,,58,No,,,,CAM Buyers Guide – Crane Rental category,https://www.cambuyersguide.com/listings/category/21600-crane-rental,Name only. | ENRICH 2026-07-28: no company-owned website found; located in Fenton MI per chamber/DOT listings. No public contact page.
"Professional Thermal Systems, Inc.",ptscompanies.com,https://ptscompanies.com/companies/professional-thermal-systems/,(810) 602-6802,Howell,MI,United States,A — Industrial/turnaround,Insulation,,73,No,,,,ABC Southeastern Michigan member directory (PDF),https://static1.squarespace.com/static/627041bf945c7320b8e0eb78/t/62d6cea14ea9b658391de175/1658244770101/ABC+SEMI+Member+Directory.pdf,"Division 07 – Thermal and Moisture Protection. | ENRICH 2026-07-28: now operates under PTS Companies (ptscompanies.com). Contact page publishes a form and phone only — no names, titles or email addresses."
FOUNDATION STEEL,foundationsteel.com,https://foundationsteel.com,(419) 402-4241,Swanton,OH,United States,A — Industrial/turnaround,Steel Erection,,91,Yes,,,info@foundationsteel.com,AGC of NW Ohio contractor directory,https://agcnwo.com/contractors,"'Steel Erection Contractor', Signatory"
Hatzel & Buehler Inc.,hatzelandbuehler.com,https://www.hatzelandbuehler.com,(734) 466-8700,Southfield,MI,United States,B — Commercial/industrial trade,Electrical,,59,Yes,,,,SMCNECA member list,https://www.smcneca.org/members,"MI NECA Lansing Division also lists Hatzel & Buehler, Livonia, MI. | ENRICH 2026-07-28: Branch directory at https://www.hatzelandbuehler.com/contact-us/ prints names, titles and emails per office. SOUTHFIELD MI (2 Corporate Drive, Suite 300, Southfield MI 48076 — matches this record's city): Joel McGrath, Vice President, Branch Manager, j.mcgrath@hatzelandbuehler.com. Second Michigan office is DEXTER MI (1056 Baker Road) — Dan Hall, Vice President, Branch Manager, d.hall@hatzelandbuehler.com; both share phone (734) 466-8700 = stored value. DATA NOTE: the second MI office is Dexter, not Livonia as the prior note stated. No safety director named — /safety/ cites 'more than twenty safety professionals' but names none. Corporate HQ: Box 7499, Wilmington DE, (302) 478-4200."
Huron Valley Electric,huronvalleyelectric.com,https://www.huronvalleyelectric.com,(734) 747-8840,Ann Arbor,MI,United States,B — Commercial/industrial trade,Electrical,,55,Yes,,,contacthve@huronvalleyelectric.com,MI NECA member list (Southcentral Division),https://michiganneca.org/neca-members/,"ENRICH 2026-07-28: Website found (was blank): https://www.huronvalleyelectric.com — 425 Jackson Plaza, Ann Arbor MI 48103, phone 734-747-8840 matching stored value, ~200 employees, est. 1987. Company inbox contacthve@huronvalleyelectric.com published on the company site (home and /who-we-are/). Contact Name Tom Kittel comes from the MI NECA association directory listing (https://michiganneca.org/contractor/huron-valley-electric-inc/) = Contact Source URL; that listing prints NO title and NO email, so Title and Contact Email left blank. The company's own site names no individuals at all (/who-we-are/, /about-us/ checked; /who-we-are/about-us/ 404s) — no safety director published."
Remer Plumbing & Heating,,,(989) 792-8738,Saginaw,MI,United States,B — Commercial/industrial trade,Piping & Plumbing,,55,No,,,,Michigan MCA member list,https://www.michiganmca.org/members,"ENRICH 2026-07-28: Michigan MCA member directory row reads 'Remer Plumbing and Heating, PO Box 1569, Saginaw MI 48605' with named contact Mark Katz / mkatz@remerplumbing.com. MMCA publishes no job titles, so Contact Title left blank. MMCA prints the phone as 517-792-8738; the stored (989) 792-8738 was kept because 989 is the Saginaw area code and the MMCA entry looks like a typo. No company-owned website located."
LAIBE ELECTRIC/TECHNOLOGY,laibe.com,https://www.laibe.com,(419) 724-8200,Perrysburg,OH,United States,B — Commercial/industrial trade,Electrical,,73,Yes,,,laibelec@laibe.com,AGC of NW Ohio contractor directory,https://agcnwo.com/contractors,"'Electric Contractor', Signatory. Also listed in AGC of Ohio Buyers Guide as 'Laibe Electric Co', Perrysburg, (419) 724-8200 | ENRICH 2026-07-28: SAFETY DIRECTOR FOUND — Bailey Seeman, 'Safety Director', on https://laibe.com/our-team/ (26-person team page). No individual emails printed. Company inbox laibelec@laibe.com from https://laibe.com/contact-us/. PHONE CORRECTED: stored (419) 531-4251 replaced with (419) 724-8200, the number published on laibe.com (531-5809 is their fax). Other useful titles on the team page: Kurt Rauch, Operations Director; Fritz Kunz, Director of Industrial; Mike Deaton, President; Jim Deaton, CEO."
"Master Mechanical Insulation, Inc.",mastermechinsulation.com,http://www.mastermechinsulation.com/,(248) 581-0033,,MI,United States,A — Industrial/turnaround,Insulation,,58,No,,,info@mminsul.com,CAM Buyers Guide – Insulation Contractors category,https://www.cambuyersguide.com/listings/category/44500-insulation-contractors,"Listed as ""Master Mechanical Insulation, Inc., WBE"" (woman-owned designation)."
Boone & Darr Inc.,boone-darr.com,https://www.boone-darr.com,(734) 665-0648,Ann Arbor,MI,United States,A — Industrial/turnaround,Welding & Fabrication,,73,No,,,info@boone-darr.com,Michigan MCA member list,https://www.michiganmca.org/members,"Also SILVER member in CAM Buyers Guide Pipe Welding category. | ENRICH 2026-07-28: Official site boone-darr.com. General inbox info@boone-darr.com published; 4465 S State St, Ann Arbor MI 48108. Only names on site are the 1954 co-founders (Bob Darr, Louis Boone) — no current staff, titles or safety personnel published, so contact name left blank."
Northern Ohio Roofing & Sheet Metal,,,(440) 365-7347,Elyria,OH,United States,B — Commercial/industrial trade,Sheet Metal,,55,No,,,,SMACNA North Central Ohio - Contractor Members,https://www.smacna-nco.com/,"ENRICH 2026-07-28: No company-owned website exists — the SMACNA of North Central Ohio member list gives only a Google Maps link for this member (880 Infirmary Road, Elyria OH 44035, 440-365-7347, matching the stored phone). The Construction Employers Association member directory (ceacisp.org) names David Phiel as the company contact, with NO title and NO email published, so Contact Title and Contact Email left blank. CEA shows phone (440) 322-8262 vs the stored (440) 365-7347; the stored number was kept since SMACNA-NCO corroborates it."
Triangle Electric,trielec.com,https://www.trielec.com,(248) 399-2200,Madison Heights,MI,United States,B — Commercial/industrial trade,Electrical,,59,No,,,,SMCNECA member list,https://www.smcneca.org/members,"ENRICH 2026-07-28: Own site (trielec.com home, /about-us, /about-us/quality, /about-us/safety, /contact-us) publishes ZERO names and ZERO email addresses — the safety page describes practices only ('supervisors participate in safety-focused education'), names nobody. Roy C. Martin is the individual listed against Triangle Electric Company on ELECTRI International (NECA's research foundation) contributor page — no title published there, so Contact Title left blank. Address 29787 Stephenson Hwy, Madison Heights MI 48071 and phone match record; fax 248-399-2612."
Hoffman & Harpst,hoffmanandharpst.com,https://hoffmanandharpst.com,(419) 241-8134,Toledo,OH,United States,B — Commercial/industrial trade,HVAC & Controls,mechanical / HVAC,73,Yes,,,info@hoffmanandharpst.com,UA Local 50 contractor directory,https://ualocal50.com/blog/contractors/,"Services: Mechanical, HVAC, Refrigeration. Listed as 'Hoffman & Harpst Co., Inc.' on MCA NWO signatory list | ENRICH 2026-07-28: Home + /about-us checked — no names or titles published (the About page byline is 'admin', which is a CMS artifact, not a contact). General inbox info@hoffmanandharpst.com. 624 E. Woodruff Ave, Toledo OH 43604. MCA NWO membership directory lists phone 419-666-6554 vs 419.241.8134 shown on the site and on this record."
Young's Environmental Clean-up,youngsenvironmental.com,https://youngsenvironmental.com,(810) 789-7155,Flint,MI,United States,A — Industrial/turnaround,Industrial Cleaning & Coatings,,73,No,,,,W. Soule approved subcontractor list (PDF),https://www.wsoule.com/wp-content/uploads/2019/01/Approved-Denied-subcontractors.pdf,"Status shown: ""approved under $50k"". No service description given in source. | ENRICH 2026-07-28: Official site youngsenvironmental.com found. HQ G-5305 N Dort Hwy, Flint MI 48505, (810) 789-7155, toll-free 1-800-4-YOUNGS. Self-described woman-owned small business, 24/7/365 response, runs its own /safety-training/ page. No individual names or email addresses published on /about/company/ or /contact/, so contact fields left blank."
Commercial Contracting Corp.,cccnetwork.com,https://www.cccnetwork.com,(248) 760-8007,Auburn Hills,MI,United States,A — Industrial/turnaround,Millwright,,73,No,,,info@cccnetwork.com,W. Soule approved subcontractor list (PDF),https://www.wsoule.com/wp-content/uploads/2019/01/Approved-Denied-subcontractors.pdf,"""Full service general contractor"". Also in CAM Buyers Guide under Millwrighting and Machinery Moving Rig. & Erect. | ENRICH 2026-07-28: only named person published is Fernando Chavez, General Manager of the Mexico affiliate (CCM) — not recorded as the MI contact. Bids: estimating@cccnetwork.com."
Landman Insulation,landmaninsulation.com,https://www.landmaninsulation.com/,(616) 243-1419,Grand Rapids,MI,United States,A — Industrial/turnaround,Insulation,,73,No,,,office@landmaninsulation.com,W. Soule approved subcontractor list (PDF),https://www.wsoule.com/wp-content/uploads/2019/01/Approved-Denied-subcontractors.pdf,"""Mechanical insulation"". Contact shown on 2019 source: Dan Williams — verify. | ENRICH 2026-07-28: site names founder Mike Landman (1982) but publishes no current title for him, so no contact name recorded. Office now 8428 S Mason Dr, Newaygo MI; 231-452-6071."
"Delecke Welding, Inc.",deleckewelding.com,https://deleckewelding.com,(586) 784-9853,,MI,United States,A — Industrial/turnaround,Welding & Fabrication,,58,No,,,,CAM Buyers Guide – Pipe Welding category,https://www.cambuyersguide.com/listings/category/60700-pipe-welding,"Name only on category page — no contact detail displayed. | ENRICH 2026-07-28: Official site deleckewelding.com found. Located 73160 Fulton St, Armada MI 48005 (fills the blank city), phone 586-784-9853, Mon-Fri 8-5. No names, titles or email addresses published on the contact page. Site notes they are actively hiring."
"Bratcher Electric, Inc.",bratcherelectric.com,https://www.bratcherelectric.com,(734) 722-0037,Wayne,MI,United States,B — Commercial/industrial trade,Electrical,,59,No,,,,ABC Southeastern Michigan member directory (PDF),https://static1.squarespace.com/static/627041bf945c7320b8e0eb78/t/62d6cea14ea9b658391de175/1658244770101/ABC+SEMI+Member+Directory.pdf,"Division 26 – Electrical. | ENRICH 2026-07-28: Mike Bratcher, Owner/Principal, published on https://bratcherelectric.com/about/. No email printed on that page; /contact-us/ and the www. host were not retrievable (robots.txt fetch timeouts), so no company inbox captured. Site resolves at non-www https://bratcherelectric.com — stored www URL left unchanged (it did not 404). No safety director published."
"Specialized Power Services, Inc.",spshv.com,https://spshv.com,(248) 437-9299,Brighton,MI,United States,B — Commercial/industrial trade,Electrical,,59,No,,,sales@spshv.com,SMCNECA member list,https://www.smcneca.org/members,"Website slug 'spshv' suggests high-voltage service work — arc flash / NFPA 70E training relevant. | ENRICH 2026-07-28: Full staff roster published at https://spshv.com/about — Scott Douglass President/Electrician/Generator Technician; Dale Koven Service Manager/Generator Technician; Mark Neumaier Sales Manager; Blane Douglass Parts Manager; Nikki Golden Office Manager. No safety/EHS role exists. sales@spshv.com is the only email printed. CORRECTION: this is a Generac generator sales & service dealer (residential + light commercial), NOT an industrial/union Division 26 electrical contractor — fit for this list is questionable; the 'hv' slug does not indicate high-voltage work."
William E. Walter Inc,williamewalter.com,https://williamewalter.com,(810) 232-7459,Flint,MI,United States,B — Commercial/industrial trade,Mechanical,,55,No,,,info@williamewalter.com,Michigan MCA member list,https://www.michiganmca.org/members,"ENRICH 2026-07-28: Official site williamewalter.com found via search. Its /team-members page lists Bruce Wenzlick among staff but prints NO titles, so Title left blank. Named email bwenzlick@williamewalter.com comes from the Michigan MCA member directory (Contact Source URL). Own site's /contact-us-v1 prints general info@williamewalter.com and a Saginaw-office address rwenzlick@williamewalter.com (different initial — likely a second Wenzlick; NOT used). No safety/EHS role published."
"Toledo Mechanical Insulation, Inc.",smartenergyinsulation.com,https://www.smartenergyinsulation.com,(419) 534-6075,Perrysburg,OH,United States,A — Industrial/turnaround,Insulation,industrial insulation,87,Yes,,,,Western Lake Erie Insulation Industry - Our Contractors,https://insulateoh.com/our-contractors/,Mechanical insulation services; Local 45 signatory | ENRICH 2026-07-28: operates as the Toledo/Lima branch of Smart Energy Insulation; branch direct line 419-534-6075 matches record phone.
Rand Services,randservices.net,https://www.randservices.net/,(734) 442-1100,,MI,United States,A — Industrial/turnaround,Insulation,,68,No,,,info@randenvironmental.com,CAM Buyers Guide – Industrial Cleaning category,https://www.cambuyersguide.com/listings/category/203068-industrial-cleaning-see-also-deep-cleaning-industrial,"Listed as ""Rand Services, SBE WCAA"". Appears in both Industrial Cleaning and Insulation Contractors categories. | ENRICH 2026-07-28: trades as Rand Environmental Services, 35555 Genron Ct, Romulus MI. No individual named on site."
Magnum Construction,magnum.pro,https://www.magnum.pro,(989) 496-3660,Midland,MI,United States,A — Industrial/turnaround,Steel Erection,,73,No,,,admin@magnum.pro,W. Soule approved subcontractor list (PDF),https://www.wsoule.com/wp-content/uploads/2019/01/Approved-Denied-subcontractors.pdf,"""Structrual and Misc Steel Fabrication and erection"" (spelling as shown in source). | ENRICH 2026-07-28: official site magnum.pro. No named staff published."
"Burton Co., H.V.",,,,,MI,United States,A — Industrial/turnaround,Insulation,,58,No,,,,CAM Buyers Guide – Insulation category,https://www.cambuyersguide.com/listings/category/44400-insulation,"GOLD member. Name only. | ENRICH 2026-07-28: only candidate found is H.V. Burton Company, Livonia MI (hvburtonco.com), but that firm sells water-treatment/steam equipment, not insulation — identity unconfirmed, so nothing recorded. Their site obfuscates all email addresses."
Industrial Electric Company,industrialelectric.net,https://industrialelectric.net,(313) 872-1133,Detroit,MI,United States,B — Commercial/industrial trade,Electrical,,59,No,,,,SMCNECA member list,https://www.smcneca.org/members,"ENRICH 2026-07-28: Title 'President' published on own site https://industrialelectric.net/about-us (William M. Darish, President since 1996; Thomas R. Darish VP; John T. Darish Secretary Treasurer; William P. Darish founder). Email wmdarish@industrialelectric.net published attributed to 'William Darish' in the SMC NECA member directory (https://www.smcneca.org/members). No email printed anywhere on the company's own site; /contact-us and /safety pages carry no names or emails. No safety director published."
Design Electrical Services Inc.,designelectricservice.com,https://designelectricservice.com,(810) 762-6766,Flint,MI,United States,B — Commercial/industrial trade,Electrical,,55,No,,,designelectric3026@gmail.com,ABC Southeastern Michigan member directory (PDF),https://static1.squarespace.com/static/627041bf945c7320b8e0eb78/t/62d6cea14ea9b658391de175/1658244770101/ABC+SEMI+Member+Directory.pdf,"Division 26 – Electrical. | ENRICH 2026-07-28: Website found (was blank): https://designelectricservice.com. Identity match confirmed by exact phone match — the site's alternate number (810) 762-6766 equals the stored phone. Trades as 'Design Electric Services', 6122 Bedford Ave, Flint MI 48507; primary phone (810) 631-1223. Company inbox designelectric3026@gmail.com printed on https://designelectricservice.com/contact-us/. NO individual names or titles published anywhere on the site — Contact Name/Title deliberately left blank."
"Bayview Electric Company, LLC",bayelectric.com,https://www.bayelectric.com,(313) 255-5252,Redford,MI,United States,B — Commercial/industrial trade,Electrical,,59,No,,,bayview@bayelectric.com,SMCNECA member list,https://www.smcneca.org/members,"ENRICH 2026-07-28: SAFETY DIRECTOR PUBLISHED — Tiny Runge, Safety Director, named on https://www.bayelectric.com/qualifications/safety/ ('Bayview Electric Company has a Safety Director (Tiny Runge) and a documented safety program'). No personal email printed. General inbox bayview@bayelectric.com published on home + /contact/. Homepage also names Rob Davies (CEO) and Bob Davies (Owner). HQ 12230 Dixie St, Redford MI; regional office 3011 W Grand Blvd Ste 425, Detroit."
"De-Cal, Inc.",de-cal.com,https://www.de-cal.com,(586) 754-4370,Warren,MI,United States,A — Industrial/turnaround,Welding & Fabrication,mechanical / pipe welding / electrical,77,Yes,,,mail@de-cal.com,SMCNECA (Southeastern Michigan NECA) member list,https://www.smcneca.org/members,"Also listed as ""De-Cal, Inc. Mechanical Contractors, DCBE"" SILVER member in CAM Pipe Welding category, and in SMACNA Metro Detroit HVAC list (586-619-0281). | ENRICH 2026-07-28: de-cal.com publishes Andrew Calcaterra President and Randall DeBeul Vice President. General inboxes mail@de-cal.com and service@de-cal.com. Company has a /pages/safety-and-host page but no safety personnel named on it. Locations: Warren MI, Detroit MI, Boardman OH, PA."
Countyline Power LLC,countylinepower.com,https://countylinepower.com,(989) 686-0505,Hope,MI,United States,B — Commercial/industrial trade,Electrical,,55,Yes,,,,MI NECA member list (Bay City Division),https://michiganneca.org/neca-members/,"ENRICH 2026-07-28: Website found (was blank): https://countylinepower.com — confirmed Hope, MI 48628. Team published on https://countylinepower.com/contact with names, titles and emails: Shane Brawt (Founder | Owner | Project Manager) shane@clpllc.biz; Jim Levert (Estimator | Project Manager) jim@clpllc.biz; Megan Finney (Office Manager | AP/AR) megan@clpllc.biz. No safety director published. PHONE DISCREPANCY: MI NECA directory (https://michiganneca.org/contractor/countyline-power-llc/) lists 989-689-0505 and address 5652 N Meridian Rd, Hope Twp; stored phone is (989) 686-0505 — stored value left as-is, unverified on own site (no phone printed there)."
"Slifco Electric, LLC.",slifcoelectric.com,https://slifcoelectric.com,(248) 686-1468,Sterling Heights,MI,United States,B — Commercial/industrial trade,Electrical,,59,No,,,info@slifcoelectric.com,SMCNECA member list,https://www.smcneca.org/members,"ENRICH 2026-07-28: https://slifcoelectric.com/safety-culture/ states Slifco has a FULL-TIME SAFETY COORDINATOR on staff but does not name the person — no safety contact obtainable from published pages. John P. Slifco, Founder, published on /our-story/. info@slifcoelectric.com printed on home, /our-story/ and /contact-us/. WARNING: careers portal slifcoelectric.pinpointhq.com/our-people shows placeholder demo names (John Smith, Sarah Johnson, etc.) — template filler, NOT real staff. Second office Greensboro NC (336) 500-8157."
Weinstein Electric Company,weinsteinelec.com,https://weinsteinelec.com,(810) 232-5934,Flint,MI,United States,B — Commercial/industrial trade,Electrical,,55,Yes,,,,MI NECA member list (Flint Division),https://michiganneca.org/neca-members/,"ENRICH 2026-07-28: WEBSITE FOUND (field was blank): weinsteinelec.com. Full staff roster published at https://weinsteinelec.com/about/ — no safety/EHS role listed, so picked the operations lead: Dominic J. Tremain, Operations Manager. Also published: Michael J. Stewart President; David R. Cook Vice President; Jeffrey R. Chappelle PE Senior Engineer; Steven H. Cook Senior Business Development; Dennis M. Otway RCDD Project Estimator/Senior Technician; Kyle Chappelle Project Manager; Sylvia Pettigrew Office Manager. NO email addresses published anywhere on the site. MI NECA directory lists 'Steve Cook' as its contact (= Steven H. Cook, Sr. Business Development). 213 W First Ave, Flint MI 48503; phone matches."
"C&K Industrial Services, Inc.",ckindustrial.com,https://www.ckindustrial.com,(419) 726-5050,Toledo,OH,United States,A — Industrial/turnaround,Industrial Cleaning & Coatings,,57,No,,,,C&K Industrial Services Toledo location page,https://www.ckindustrial.com/toledo-ohio,"Toledo branch, 5258 Tractor Road. Industrial vacuuming, water blasting to 40,000 psi, emergency response, decommissioning, remediation, hydro excavating. Confined-space heavy. | ENRICH 2026-07-28: Checked ckindustrial.com home, /contact-us, /company and /people. Site has a dedicated /people page that discusses team structure, training and safety commitment but names NOBODY and prints no email addresses — phone only. Toledo (419) 726-5050 confirmed; corporate 5720 E Schaaf Rd, Independence OH, 24/7 line (800) 686-4321. Nothing recordable."
Rauhorn Electric Inc.,rauhornelectric.com,https://rauhornelectric.com,(586) 992-0400,Bruce Township,MI,United States,B — Commercial/industrial trade,Electrical,,59,No,,,estimating@rauhornelec.com,SMCNECA member list,https://www.smcneca.org/members,"ENRICH 2026-07-28: /who-we-are states Anthony Rau 'became President' in 2017 and Del Rau (co-founder) 'assumed the role of CEO'; SMC NECA independently lists Anthony Rau as the member contact. No personal emails printed anywhere on site. Department inboxes on https://rauhornelectric.com/contact-us/: estimating@rauhornelec.com and hr@rauhornelec.com — note the email domain is rauhornelec.com, NOT the website domain rauhornelectric.com. No safety director named; site has only a Material Safety Data Sheets page."
W.J. O'Neil Company,wjo.com,https://www.wjo.com,(734) 458-2300,Troy,MI,United States,B — Commercial/industrial trade,Mechanical,,59,Yes,,,,SMCNECA member list,https://www.smcneca.org/members,"Also in Michigan MCA member list (Livonia) and SMACNA Metro Detroit HVAC category. Multi-trade. | ENRICH 2026-07-28: wjo.com homepage, /contact and /about publish NO names, NO titles and NO email addresses — phone only (734-458-2300 main, 734-266-3338 24/7 service). Not in the Michigan MCA directory rows I could read. SMACNA Metro Detroit member listing names 'John O'Neil' with a cell (313) 218-6140 but NO title and NO email, so left blank rather than guess. NO CONTACT RECORDED. Office is Livonia MI (35457 Industrial Rd), not Troy."
Platinum Mechanical Inc.,,,(810) 244-9571,Flint,MI,United States,B — Commercial/industrial trade,Mechanical,,55,No,,,,Michigan MCA member list,https://www.michiganmca.org/members,"ENRICH 2026-07-28: No company website found (only Facebook, chamber and aggregator listings; the Flint & Genesee chamber page blocks crawlers). Contact from the Michigan MCA member directory, which prints 'Jeremy Cook / jeremy@platinummechanicalinc.com / 810-244-9571'. NO job title published — Title left blank. Email domain platinummechanicalinc.com does not serve a public site."
Niles Plant Services,nilesplantservices.com,https://nilesplantservices.com/,(989) 894-8538,Bay City,MI,United States,A — Industrial/turnaround,Scaffolding,scaffolding / insulation,73,No,,,info@nilesplantservices.com,W. Soule approved subcontractor list (PDF),https://www.wsoule.com/wp-content/uploads/2019/01/Approved-Denied-subcontractors.pdf,"Services: ""scaffolding and insulation"". Status: approved. Contact shown on source: Roger White (2019 data — verify) | ENRICH 2026-07-28: safety-led marketing but no named safety director published. Leadership also lists Ryan Niles (CEO), Brad Rutherford (President), Brad Shoffner (Regional Manager). AP inbox niles-ap@nilesplantservices.com."
RMF NOOTER LLC,rmfnooter.com,https://rmfnooter.com,(419) 727-1970,Toledo,OH,United States,A — Industrial/turnaround,Boilermaker,boilermaker / industrial,77,Yes,,,,MCA of NW Ohio signatory contractors,https://mcanwo.org/mca-signatory-contractors/,"Named in the Boilermaker Contractors section as an Ohio-based entry | ENRICH 2026-07-28: rmfnooter.com now redirects to cicgroup.com/nooter. Bobbie Strayer is GM of the Toledo office (310 3rd St, Perrysburg OH). No email published anywhere on site."
"Power Process Piping, Inc.",ppphq.com,https://ppphq.com,(734) 451-0130,Plymouth,MI,United States,A — Industrial/turnaround,Welding & Fabrication,,73,No,,,info@ppphq.com,Michigan MCA member list,https://www.michiganmca.org/members,"Also listed in CAM Buyers Guide Pipe Welding category. | ENRICH 2026-07-28: Official site ppphq.com. Contact page publishes two named directors with direct emails: Griffin Williams, Director Project Management (gdwilliams@) and Ryan Stewart, Director Estimating (rstewart@). No safety/EHS role published. Address 45780 Port St, Plymouth MI 48170."
Wendling Sheet Metal,wendlingsheetmetal.com,https://wendlingsheetmetal.com,(989) 753-5286,Saginaw,MI,United States,B — Commercial/industrial trade,Sheet Metal,,55,No,,,wsm@wendlingsm.com,W. Soule approved subcontractor list (PDF),https://www.wsoule.com/wp-content/uploads/2019/01/Approved-Denied-subcontractors.pdf,"""Sheet metal fabrication and installation"". | ENRICH 2026-07-28: Official site located and added: wendlingsheetmetal.com. General inbox wsm@wendlingsm.com — note the different domain from the website. Home and /about publish no individual names, titles or personal emails; no safety role named. 2633 Carrollton St, Saginaw MI 48604; phone 989-753-5286 matches record; fax 989-753-8375. Company also trades as 'Wendling Sheet Metal & Mechanical'. NOT listed in the Michigan MCA member directory."
"Dee Cramer, Inc.",deecramer.com,https://www.deecramer.com,(810) 579-5000,Holly,MI,United States,B — Commercial/industrial trade,Sheet Metal,,55,Yes,,,,W. Soule approved subcontractor list (PDF),https://www.wsoule.com/wp-content/uploads/2019/01/Approved-Denied-subcontractors.pdf,"""HVAC/sheetmetal"". Also in Michigan MCA member list and SMACNA Metro Detroit HVAC category. | ENRICH 2026-07-28: Michigan MCA member directory row reads 'Dee Cramer Inc, 4221 E Baldwin Rd, Holly MI 48442, 810-579-5000' with named contact Rich Cramer / richc@deecramer.com (phone matches record). MMCA publishes no job titles, so Contact Title left blank. Website added from that listing WITHOUT page-level verification — deecramer.com could not be fetched on repeated attempts (robots.txt failure). Separately, the SMACNA Metro Detroit member page names Matthew Cramer as its contact, with no title and no email."
Danboise Mechanical Inc,danboisemechanical.com,https://www.danboisemechanical.com,(248) 471-2230,Farmington,MI,United States,B — Commercial/industrial trade,Mechanical,,59,Yes,,,,Michigan MCA member list,https://www.michiganmca.org/members,"Listed as ""Danboise Mechanical & Electrical"" in SMCNECA. Also in SMACNA Metro Detroit HVAC category. Multi-trade = higher cert load. | ENRICH 2026-07-28: Website corrected — old value (/electrical) is a 404; site is danboisemechanical.com. Homepage, /about-us and /about-us/history publish NO email addresses and no staff titles. /about-us describes Carol Danboise Gatewood and Amy Gatewood Gendjar as the current family operators (woman-owned business) but prints no formal titles, so nothing recorded. Phone 248-471-2230, 31625 Grand River Ave, Farmington MI. NO CONTACT RECORDED."
"Doublejack Electric Company, Inc.",doublejackelectric.com,https://doublejackelectric.com,(248) 543-1982,Troy,MI,United States,B — Commercial/industrial trade,Electrical,,59,No,,,,SMCNECA member list,https://www.smcneca.org/members,"ENRICH 2026-07-28: John J. Fulgenzi, President and majority stockholder since 2016, published on https://www.doublejackelectric.com/who-we-are.html. Same page: Joseph J. Fulgenzi, Vice President; Bruce Fulgenzi, prior President; John W. Fulgenzi, founder (1953). NO email addresses published anywhere on the site (home, /who-we-are.html, /contact-us.html all checked — contact form only), so both email fields left blank. No safety director published. 611 E. Elmwood Ave, Troy MI 48083."
"Campbell, Inc.",campbellinc.com,https://www.campbellinc.com,(419) 476-4444,Northwood,OH,United States,B — Commercial/industrial trade,Piping & Plumbing,,59,Yes,,,,UA Local 50 contractor directory,https://ualocal50.com/blog/contractors/,"Services: Mechanical, Plumbing, Refrigeration, Control. On MCA NWO pipe-welding list. Findlay Chamber lists a Campbell, Inc. too. | ENRICH 2026-07-28: /staff-profiles lists 24 names with titles, NO email addresses and NO safety/EHS role. This record's Northwood OH address is Campbell's Toledo office (2875 Crane Way, Northwood OH 43619), so the Toledo GM was selected: printed as 'Todd (Lumpy) Kocsis — General Manager Toledo'. Other leadership: Kris Campbell, Principal; Pete Vavrinek, VP & CFO; Jonathan Radtke, Service Manager; Bryan Mallette, Sales Manager. Confirms the Findlay overlap — same company, four offices (Findlay, Toledo/Northwood, Ann Arbor MI, Cleveland)."
OHIO CONCRETE SAWING AND DRILLING,ohioconcrete.com,https://www.ohioconcrete.com,(419) 841-1330,Sylvania,OH,United States,A — Industrial/turnaround,Concrete & Restoration,concrete sawing & drilling,91,Yes,,,,AGC of NW Ohio contractor directory,https://agcnwo.com/contractors,"Signatory | ENRICH 2026-07-28: /contact publishes a staff list by office. Toledo office (nearest to the Sylvania address on file): Chris Gwozdz, 'Manager' and Corey Schroyer, 'Sales Rep'. NO email addresses published anywhere on the site — phone/fax only (419-841-1330, fax 419-843-6203, toll-free 1-800-333-5730). No safety/EHS role published. Note: multi-office Ohio firm (Toledo, Cleveland/Akron, Dayton/Cincinnati, Columbus)."
Exact Crane & Equipment Corp,exactcrane.com,https://www.exactcrane.com,(440) 349-1999,,MI,United States,A — Industrial/turnaround,Crane & Rigging,,58,No,,,info@exactcrane.com,CAM Buyers Guide – Crane Rental category,https://www.cambuyersguide.com/listings/category/21600-crane-rental,"Name only. | ENRICH 2026-07-28: company is actually headquartered in Solon, OH (28985 Ambina Dr) — state on this record may need correcting from MI to OH. Also sales@exactcrane.com / parts@exactcrane.com."
Ticon,,,(989) 631-6140,Midland,MI,United States,A — Industrial/turnaround,Insulation,,73,No,,,,W. Soule approved subcontractor list (PDF),https://www.wsoule.com/wp-content/uploads/2019/01/Approved-Denied-subcontractors.pdf,"Services listed simply as ""insulation"". Contact shown on 2019 source: Bob Williams — verify. | ENRICH 2026-07-28: no company website found for Ticon Inc, 712 Townsend St, Midland MI. Directory listings only — nothing recorded."
Seaway Mechanical Contractors,seawaymechanical.com,https://www.seawaymechanical.com,(734) 282-8300,Trenton,MI,United States,B — Commercial/industrial trade,Mechanical,,65,No,,,info@seawaymechanical.com,Michigan MCA member list,https://www.michiganmca.org/members,"Downriver location — close to the Marathon Detroit refinery corridor. | ENRICH 2026-07-28: Official site seawaymechanical.com found via search. /contact_us.html publishes only the general inbox info@seawaymechanical.com and 734-282-5010 — no names or titles. Named contact Eugene Machcinski comes from the Michigan MCA member directory (Contact Source URL), which lists him against the same general inbox — so NO personal email exists; Contact Email left blank. NO job title published."
"Van Herweg Electric, Inc.",vanherwegelectric.com,https://www.vanherwegelectric.com,(989) 791-1131,Saginaw,MI,United States,B — Commercial/industrial trade,Electrical,,69,Yes,,,invoice@vanherwegelectric.com,MI NECA member list (Saginaw Division),https://michiganneca.org/neca-members/,"Union NECA/IBEW signatory. | ENRICH 2026-07-28: WEBSITE FOUND (field was blank): vanherwegelectric.com. Own site publishes NO personal names anywhere — only two mailboxes on https://www.vanherwegelectric.com/contact-us: chad@vanherwegelectric.com (labelled for service inquiries) and invoice@vanherwegelectric.com (billing). Chad Van Herweg is the contact named on the MI NECA association directory, with no title published, so Contact Title left blank. The chad@ mailbox is very likely his but is NOT printed beside his name on any page, so it is recorded here in Notes rather than as his Contact Email. 2885 Enterprise Ct, Saginaw MI 48603; phone matches. License #349343."
Lake Painting,lakepaintinginc.com,https://www.lakepaintinginc.com,(989) 631-6002,Midland,MI,United States,A — Industrial/turnaround,Industrial Cleaning & Coatings,industrial painting / blasting,83,No,,,,W. Soule approved subcontractor list (PDF),https://www.wsoule.com/wp-content/uploads/2019/01/Approved-Denied-subcontractors.pdf,"""Industrial painting, sandblasting, power washing"". | ENRICH 2026-07-28: Official site lakepaintinginc.com. /personnel-contacts/ publishes named staff with direct emails: Tom Behmlander President, Joe Hanson VP (joehanson@), Roger White Estimator & PM (rwhite@), Brian Oliver Estimator (boliver@). No safety director named. Site also has an /about-us/safety-first/ page but no personnel on it."
Liberty Electric & Controls,,,(989) 426-8026,Gladwin,MI,United States,B — Commercial/industrial trade,Electrical,,55,Yes,,,,MI NECA member list (Bay City Division),https://michiganneca.org/neca-members/,"ENRICH 2026-07-28: No company website exists — extensive search returned only directory aggregators. Contact name 'Tim Hagoort' published on the MI NECA contractor directory page (union association source), which lists NO title and NO email. Address there: 916 Stickel Rd., Gladwin MI 48624; phone 989-426-8026 confirms stored value. Contact Title and emails left blank — nothing printed."
TJD Industrial Services,tjdindustrialservices.com,https://www.tjdindustrialservices.com,(419) 425-5025,Findlay,OH,United States,A — Industrial/turnaround,Industrial Cleaning & Coatings,,71,No,,,,TJD Industrial Services website,https://www.tjdindustrialservices.com/,"Site says locally owned, 25+ years, OSHA certified, 24-hr emergency service; racking, dry ice blasting, industrial cleaning, construction. | ENRICH 2026-07-28: Checked tjdindustrialservices.com home, /about and /contact. Contact details are injected via Yext Knowledge Tags and do not render — no names, titles or email addresses readable. Only person on the whole site is a customer testimonial (Tracie Carpenter of Blanchard Valley Health System), not a TJD employee. Phone (419) 425-5025 confirmed from the contact page. Nothing recordable."
"State Electric Company, Inc.",stateelectriccompany.net,https://www.stateelectriccompany.net,(866) 976-8890,Holly,MI,United States,B — Commercial/industrial trade,Electrical,,59,No,,,,ABC Southeastern Michigan member directory (PDF),https://static1.squarespace.com/static/627041bf945c7320b8e0eb78/t/62d6cea14ea9b658391de175/1658244770101/ABC+SEMI+Member+Directory.pdf,"Division 26 – Electrical. | ENRICH 2026-07-28: Checked own site home, /about/ and /contact — NO email addresses and NO named staff with titles published anywhere. Only first names inside customer testimonials ('Duane' referenced as leading the company, plus Kurt, Eddie, Derek, Aedan, Todd, Kirk Lobbestael, Anna Drake) — no printed titles, so deliberately left blank rather than guessed. No safety page. 15045 Dixie Hwy Suite A, Holly MI 48442; phone matches. Status left Not contacted."
J L Mechanical Services Inc.,jlmech.com,https://jlmech.com,(419) 872-6000,Perrysburg,OH,United States,B — Commercial/industrial trade,HVAC & Controls,,59,No,,,,UA Local 50 contractor directory,https://ualocal50.com/blog/contractors/,"Services: Mechanical, HVAC, Refrigeration, Control, Energy Auditing. | ENRICH 2026-07-28: DATA CORRECTION — stored website www.jlech.com does not resolve (DNS 'name or service not known'). Correct domain per the MCA NWO membership directory (mcanwo.org/membership-directory, 'JL Mechanical Inc.', 419-872-6000) is jlmech.com; Website updated. jlmech.com itself could not be fetched (robots.txt redirect loop), so no contact data was captured."
"IPS – INDUSTRIAL POWER SYSTEMS, INC.",ipscontractor.com,https://www.ipscontractor.com,(419) 531-3121,Rossford,OH,United States,A — Industrial/turnaround,Mechanical,mechanical / industrial,101,Yes,,,info@IPScontractor.com,AGC of NW Ohio contractor directory,https://agcnwo.com/contractors,"'Mechanical/General Contractor', Signatory. UA Local 50 lists Mechanical, Industrial, Plumbing, HVAC, Specialty. Also listed at Lima Chamber as 'IPS Contracting', Rossford | ENRICH 2026-07-28: BEST TARGET OF THIS BATCH — /about publishes a full org chart. Bill Norris, Safety Manager. Backups: Jonathan Gray, Mechanical Operations Manager; Kirk Guy, EPC General Manager; Bo Richardson, Quality Control Manager; Jeremiah Johnson, President; Kevin Gray, CEO; Andrea Thomasson, HR Manager. NO individual emails printed — only general info@IPScontractor.com. 146 Dixie Hwy, Rossford OH. Company tagline is literally 'Integrity, Performance, and Safety'."
Mondo Mechanical Inc,,,(419) 531-7303,Toledo,OH,United States,B — Commercial/industrial trade,Mechanical,,55,Yes,,,,UA Local 50 contractor directory,https://ualocal50.com/blog/contractors/,"Services: Mechanical, Plumbing, HVAC. Also on MCA NWO membership directory. | ENRICH 2026-07-28: No company website exists (searched; only BBB/BuildZoom/aggregator listings). Checked the MCA NW Ohio membership directory (https://mcanwo.org/membership-directory/) — the Mondo Mechanical entry prints phone 419-531-7303 only, no contact name, title, email or website. NO CONTACT FOUND. (The name 'Eugene Boismier' appears on the MCANWO page but as the site's post author, not as a Mondo contact — deliberately not used.)"
